graph,series,x,value,n,procs,threads,nodes,fastest_s,slowest_s
1,serial,10.0,1.7695,10000000,1,1,1,1.7695,1.7806
1,serial,15.0,3.1299,15000000,1,1,1,3.1299,3.1299
1,serial,20.0,4.7157,20000000,1,1,1,4.7157,4.7157
1,serial,25.0,6.4493,25000000,1,1,1,6.4493,6.4493
1,serial,30.0,8.3674,30000000,1,1,1,8.3674,8.3674
1,serial,35.0,10.3968,35000000,1,1,1,10.3968,10.3968
1,serial,40.0,12.5455,40000000,1,1,1,12.5455,12.5455
1,serial,45.0,14.8075,45000000,1,1,1,14.8075,14.8075
1,serial,50.0,17.2436,50000000,1,1,1,17.2436,17.6849
1,serial,55.0,19.7484,55000000,1,1,1,19.7484,19.7484
1,serial,60.0,22.3146,60000000,1,1,1,22.3146,22.3146
1,serial,65.0,25.0254,65000000,1,1,1,25.0254,25.0254
1,serial,70.0,27.7415,70000000,1,1,1,27.7415,32.9963
1,serial,75.0,30.6688,75000000,1,1,1,30.6688,30.6688
1,serial,80.0,33.6627,80000000,1,1,1,33.6627,33.6627
1,serial,85.0,36.7093,85000000,1,1,1,36.7093,36.7093
1,serial,90.0,39.8225,90000000,1,1,1,39.8225,39.8225
1,serial,95.0,42.9133,95000000,1,1,1,42.9133,42.9133
1,serial,100.0,46.0633,100000000,1,1,1,46.0633,48.1740
1,serial,105.0,49.4843,105000000,1,1,1,49.4843,49.4843
1,serial,110.0,52.9537,110000000,1,1,1,52.9537,52.9537
1,serial,115.0,56.3994,115000000,1,1,1,56.3994,56.3994
1,serial,120.0,59.8632,120000000,1,1,1,59.8632,59.8632
1,serial,125.0,63.4425,125000000,1,1,1,63.4425,66.3267
1,serial,130.0,67.3564,130000000,1,1,1,67.3564,67.3564
1,serial,135.0,71.0164,135000000,1,1,1,71.0164,71.0164
1,serial,140.0,74.7892,140000000,1,1,1,74.7892,74.7892
1,serial,145.0,78.7432,145000000,1,1,1,78.7432,78.7432
1,serial,150.0,82.5781,150000000,1,1,1,82.5781,82.5781
1,serial,155.0,86.3840,155000000,1,1,1,86.3840,86.4362
1,openmp,10.0,0.1547,10000000,1,16,1,0.1547,0.1603
1,openmp,15.0,0.2753,15000000,1,16,1,0.2753,0.2753
1,openmp,20.0,0.3689,20000000,1,16,1,0.3689,0.3696
1,openmp,25.0,0.4905,25000000,1,16,1,0.4905,0.5262
1,openmp,30.0,0.6095,30000000,1,16,1,0.6095,0.6336
1,openmp,35.0,0.7726,35000000,1,16,1,0.7726,0.7748
1,openmp,40.0,0.9249,40000000,1,16,1,0.9249,0.9603
1,openmp,45.0,1.0622,45000000,1,16,1,1.0622,1.0843
1,openmp,50.0,1.2392,50000000,1,16,1,1.2392,1.2793
1,openmp,55.0,1.4138,55000000,1,16,1,1.4138,1.4148
1,openmp,60.0,1.6151,60000000,1,16,1,1.6151,1.6518
1,openmp,65.0,2.0956,65000000,1,16,1,2.0956,2.5233
1,openmp,70.0,1.9502,70000000,1,16,1,1.9502,2.0492
1,openmp,75.0,2.1649,75000000,1,16,1,2.1649,2.2033
1,openmp,80.0,2.3514,80000000,1,16,1,2.3514,2.3744
1,openmp,85.0,2.5317,85000000,1,16,1,2.5317,2.6294
1,openmp,90.0,2.7766,90000000,1,16,1,2.7766,2.8290
1,openmp,95.0,2.9084,95000000,1,16,1,2.9084,2.9998
1,openmp,100.0,3.1444,100000000,1,16,1,3.1444,3.2190
1,openmp,105.0,3.3375,105000000,1,16,1,3.3375,4.2197
1,openmp,110.0,3.5813,110000000,1,16,1,3.5813,3.6685
1,openmp,115.0,3.8430,115000000,1,16,1,3.8430,4.4195
1,openmp,120.0,4.0787,120000000,1,16,1,4.0787,5.6554
1,openmp,125.0,4.4337,125000000,1,16,1,4.4337,7.3219
1,openmp,130.0,4.6419,130000000,1,16,1,4.6419,8.6701
1,openmp,135.0,4.8471,135000000,1,16,1,4.8471,4.8909
1,openmp,140.0,5.1453,140000000,1,16,1,5.1453,5.1764
1,openmp,145.0,5.5029,145000000,1,16,1,5.5029,6.5273
1,openmp,150.0,5.5571,150000000,1,16,1,5.5571,7.2763
1,openmp,155.0,5.6683,155000000,1,16,1,5.6683,6.7614
1,mpi,10.0,0.1815,10000000,16,1,1,0.1815,0.1928
1,mpi,15.0,0.2646,15000000,16,1,1,0.2646,0.2939
1,mpi,20.0,0.3763,20000000,16,1,1,0.3763,0.3810
1,mpi,25.0,0.5135,25000000,16,1,1,0.5135,0.5155
1,mpi,30.0,0.6377,30000000,16,1,1,0.6377,0.7772
1,mpi,35.0,0.8164,35000000,16,1,1,0.8164,0.8360
1,mpi,40.0,0.9521,40000000,16,1,1,0.9521,0.9628
1,mpi,45.0,1.1085,45000000,16,1,1,1.1085,1.1189
1,mpi,50.0,1.2853,50000000,16,1,1,1.2853,1.3066
1,mpi,55.0,1.4277,55000000,16,1,1,1.4277,1.4400
1,mpi,60.0,1.6425,60000000,16,1,1,1.6425,1.6532
1,mpi,65.0,1.7854,65000000,16,1,1,1.7854,1.8839
1,mpi,70.0,2.1950,70000000,16,1,1,2.1950,2.4973
1,mpi,75.0,2.2206,75000000,16,1,1,2.2206,2.2622
1,mpi,80.0,2.4213,80000000,16,1,1,2.4213,2.4330
1,mpi,85.0,2.6045,85000000,16,1,1,2.6045,2.8364
1,mpi,90.0,2.7825,90000000,16,1,1,2.7825,2.8483
1,mpi,95.0,2.9691,95000000,16,1,1,2.9691,3.0157
1,mpi,100.0,3.1090,100000000,16,1,1,3.1090,3.3165
1,mpi,105.0,3.4228,105000000,16,1,1,3.4228,3.6815
1,mpi,110.0,3.6876,110000000,16,1,1,3.6876,3.7785
1,mpi,115.0,3.9384,115000000,16,1,1,3.9384,3.9490
1,mpi,120.0,4.1732,120000000,16,1,1,4.1732,4.1872
1,mpi,125.0,4.4100,125000000,16,1,1,4.4100,4.4394
1,mpi,130.0,4.5942,130000000,16,1,1,4.5942,4.6112
1,mpi,135.0,4.8340,135000000,16,1,1,4.8340,4.9238
1,mpi,140.0,5.0544,140000000,16,1,1,5.0544,5.1278
1,mpi,145.0,5.3394,145000000,16,1,1,5.3394,5.4799
1,mpi,150.0,5.5728,150000000,16,1,1,5.5728,5.8093
1,mpi,155.0,5.9052,155000000,16,1,1,5.9052,5.9062
2,openmp,10.0,11.4394,10000000,1,16,1,0.1547,0.1603
2,openmp,15.0,11.3703,15000000,1,16,1,0.2753,0.2753
2,openmp,20.0,12.7816,20000000,1,16,1,0.3689,0.3696
2,openmp,25.0,13.1479,25000000,1,16,1,0.4905,0.5262
2,openmp,30.0,13.7291,30000000,1,16,1,0.6095,0.6336
2,openmp,35.0,13.4571,35000000,1,16,1,0.7726,0.7748
2,openmp,40.0,13.5645,40000000,1,16,1,0.9249,0.9603
2,openmp,45.0,13.9406,45000000,1,16,1,1.0622,1.0843
2,openmp,50.0,13.9146,50000000,1,16,1,1.2392,1.2793
2,openmp,55.0,13.9681,55000000,1,16,1,1.4138,1.4148
2,openmp,60.0,13.8161,60000000,1,16,1,1.6151,1.6518
2,openmp,65.0,11.9418,65000000,1,16,1,2.0956,2.5233
2,openmp,70.0,14.2246,70000000,1,16,1,1.9502,2.0492
2,openmp,75.0,14.1664,75000000,1,16,1,2.1649,2.2033
2,openmp,80.0,14.3158,80000000,1,16,1,2.3514,2.3744
2,openmp,85.0,14.4997,85000000,1,16,1,2.5317,2.6294
2,openmp,90.0,14.3420,90000000,1,16,1,2.7766,2.8290
2,openmp,95.0,14.7551,95000000,1,16,1,2.9084,2.9998
2,openmp,100.0,14.6494,100000000,1,16,1,3.1444,3.2190
2,openmp,105.0,14.8266,105000000,1,16,1,3.3375,4.2197
2,openmp,110.0,14.7863,110000000,1,16,1,3.5813,3.6685
2,openmp,115.0,14.6759,115000000,1,16,1,3.8430,4.4195
2,openmp,120.0,14.6769,120000000,1,16,1,4.0787,5.6554
2,openmp,125.0,14.3091,125000000,1,16,1,4.4337,7.3219
2,openmp,130.0,14.5105,130000000,1,16,1,4.6419,8.6701
2,openmp,135.0,14.6513,135000000,1,16,1,4.8471,4.8909
2,openmp,140.0,14.5355,140000000,1,16,1,5.1453,5.1764
2,openmp,145.0,14.3095,145000000,1,16,1,5.5029,6.5273
2,openmp,150.0,14.8600,150000000,1,16,1,5.5571,7.2763
2,openmp,155.0,15.2399,155000000,1,16,1,5.6683,6.7614
2,mpi,10.0,9.7483,10000000,16,1,1,0.1815,0.1928
2,mpi,15.0,11.8272,15000000,16,1,1,0.2646,0.2939
2,mpi,20.0,12.5333,20000000,16,1,1,0.3763,0.3810
2,mpi,25.0,12.5601,25000000,16,1,1,0.5135,0.5155
2,mpi,30.0,13.1220,30000000,16,1,1,0.6377,0.7772
2,mpi,35.0,12.7351,35000000,16,1,1,0.8164,0.8360
2,mpi,40.0,13.1774,40000000,16,1,1,0.9521,0.9628
2,mpi,45.0,13.3583,45000000,16,1,1,1.1085,1.1189
2,mpi,50.0,13.4158,50000000,16,1,1,1.2853,1.3066
2,mpi,55.0,13.8327,55000000,16,1,1,1.4277,1.4400
2,mpi,60.0,13.5859,60000000,16,1,1,1.6425,1.6532
2,mpi,65.0,14.0167,65000000,16,1,1,1.7854,1.8839
2,mpi,70.0,12.6384,70000000,16,1,1,2.1950,2.4973
2,mpi,75.0,13.8114,75000000,16,1,1,2.2206,2.2622
2,mpi,80.0,13.9026,80000000,16,1,1,2.4213,2.4330
2,mpi,85.0,14.0948,85000000,16,1,1,2.6045,2.8364
2,mpi,90.0,14.3119,90000000,16,1,1,2.7825,2.8483
2,mpi,95.0,14.4532,95000000,16,1,1,2.9691,3.0157
2,mpi,100.0,14.8159,100000000,16,1,1,3.1090,3.3165
2,mpi,105.0,14.4571,105000000,16,1,1,3.4228,3.6815
2,mpi,110.0,14.3597,110000000,16,1,1,3.6876,3.7785
2,mpi,115.0,14.3203,115000000,16,1,1,3.9384,3.9490
2,mpi,120.0,14.3448,120000000,16,1,1,4.1732,4.1872
2,mpi,125.0,14.3859,125000000,16,1,1,4.4100,4.4394
2,mpi,130.0,14.6613,130000000,16,1,1,4.5942,4.6112
2,mpi,135.0,14.6909,135000000,16,1,1,4.8340,4.9238
2,mpi,140.0,14.7969,140000000,16,1,1,5.0544,5.1278
2,mpi,145.0,14.7476,145000000,16,1,1,5.3394,5.4799
2,mpi,150.0,14.8181,150000000,16,1,1,5.5728,5.8093
2,mpi,155.0,14.6285,155000000,16,1,1,5.9052,5.9062
3,pthreads,1,0.9919,100000000,1,1,1,46.4400,49.2924
3,pthreads,2,1.9647,100000000,1,2,1,23.4455,23.4881
3,pthreads,4,3.8545,100000000,1,4,1,11.9505,11.9823
3,pthreads,8,7.5844,100000000,1,8,1,6.0734,6.4331
3,pthreads,16,14.4206,100000000,1,16,1,3.1943,3.2222
3,openmp,1,0.9941,100000000,1,1,1,46.3345,46.3560
3,openmp,2,1.9747,100000000,1,2,1,23.3266,23.3860
3,openmp,4,3.9071,100000000,1,4,1,11.7897,11.8372
3,openmp,8,7.6677,100000000,1,8,1,6.0074,6.1246
3,openmp,16,14.6494,100000000,1,16,1,3.1444,3.2190
3,mpi,1,0.9997,100000000,1,1,1,46.0765,46.0975
3,mpi,2,1.9903,100000000,2,1,1,23.1444,23.1836
3,mpi,4,3.9442,100000000,4,1,1,11.6786,11.7025
3,mpi,8,7.7370,100000000,8,1,1,5.9537,6.1304
3,mpi,16,14.8159,100000000,16,1,1,3.1090,3.3165
3,mpi-2node,32,24.5762,100000000,32,1,2,1.8743,2.2730
4,hybrid-P1,1,0.9997,100000000,1,1,1,46.0765,46.0975
4,hybrid-P1,2,1.9896,100000000,1,2,1,23.1525,23.2964
4,hybrid-P1,4,3.9503,100000000,1,4,1,11.6606,11.6787
4,hybrid-P1,8,7.6278,100000000,1,8,1,6.0389,6.1281
4,hybrid-P1,16,15.0339,100000000,1,16,1,3.0640,3.0770
4,hybrid-P2,1,1.9903,100000000,2,1,1,23.1444,23.1836
4,hybrid-P2,2,3.9488,100000000,2,2,1,11.6651,11.6792
4,hybrid-P2,4,7.7715,100000000,2,4,1,5.9272,5.9504
4,hybrid-P2,8,14.4505,100000000,2,8,1,3.1877,3.2964
4,hybrid-P4,1,3.9442,100000000,4,1,1,11.6786,11.7025
4,hybrid-P4,2,7.7540,100000000,4,2,1,5.9406,5.9419
4,hybrid-P4,4,14.9570,100000000,4,4,1,3.0797,3.4588
5,pthreads,2,1.9647,100000000,1,2,1,23.4455,23.4881
5,pthreads,4,3.8545,100000000,1,4,1,11.9505,11.9823
5,pthreads,8,7.5844,100000000,1,8,1,6.0734,6.4331
5,pthreads,16,14.4206,100000000,1,16,1,3.1943,3.2222
5,openmp,2,1.9747,100000000,1,2,1,23.3266,23.3860
5,openmp,4,3.9071,100000000,1,4,1,11.7897,11.8372
5,openmp,8,7.6677,100000000,1,8,1,6.0074,6.1246
5,openmp,16,14.6494,100000000,1,16,1,3.1444,3.2190
5,hybrid,2,1.9896,100000000,1,2,1,23.1525,23.2964
5,hybrid,4,3.9488,100000000,2,2,1,11.6651,11.6792
5,hybrid,8,7.7540,100000000,4,2,1,5.9406,5.9419
5,hybrid,16,14.6525,100000000,8,2,1,3.1437,3.1986
5,hybrid-2node,32,24.1135,100000000,16,2,2,1.9103,1.9288
6,mpi-empirical,1,0.9997,100000000,1,1,1,46.0765,46.0975
6,mpi-amdahl,1,1.0000,100000000,1,1,1,,
6,mpi-empirical,2,1.9903,100000000,2,1,1,23.1444,23.1836
6,mpi-amdahl,2,1.9927,100000000,2,1,1,,
6,mpi-empirical,4,3.9442,100000000,4,1,1,11.6786,11.7025
6,mpi-amdahl,4,3.9565,100000000,4,1,1,,
6,mpi-empirical,8,7.7370,100000000,8,1,1,5.9537,6.1304
6,mpi-amdahl,8,7.7999,100000000,8,1,1,,
6,mpi-empirical,16,14.8159,100000000,16,1,1,3.1090,3.3165
6,mpi-amdahl,16,15.1662,100000000,16,1,1,,
6,mpi-empirical-2node,32,24.5762,100000000,32,1,2,1.8743,2.2730
6,mpi-amdahl,32,28.7349,100000000,32,1,2,,
7,hybrid-procs-empirical,2,1.9896,100000000,1,2,1,23.1525,23.2964
7,hybrid-procs-amdahl,2,1.9917,100000000,1,2,1,,
7,hybrid-procs-empirical,4,3.9488,100000000,2,2,1,11.6651,11.6792
7,hybrid-procs-amdahl,4,3.9504,100000000,2,2,1,,
7,hybrid-procs-empirical,8,7.7540,100000000,4,2,1,5.9406,5.9419
7,hybrid-procs-amdahl,8,7.7722,100000000,4,2,1,,
7,hybrid-procs-empirical,16,14.6525,100000000,8,2,1,3.1437,3.1986
7,hybrid-procs-amdahl,16,15.0546,100000000,8,2,1,,
7,hybrid-procs-empirical-2node,32,24.1135,100000000,16,2,2,1.9103,1.9288
7,hybrid-procs-amdahl,32,28.3240,100000000,16,2,2,,
7,hybrid-threads-empirical,2,1.9896,100000000,1,2,1,23.1525,23.2964
7,hybrid-threads-amdahl,2,1.9917,100000000,1,2,1,,
7,hybrid-threads-empirical,4,3.9503,100000000,1,4,1,11.6606,11.6787
7,hybrid-threads-amdahl,4,3.9504,100000000,1,4,1,,
7,hybrid-threads-empirical,8,7.6278,100000000,1,8,1,6.0389,6.1281
7,hybrid-threads-amdahl,8,7.7722,100000000,1,8,1,,
7,hybrid-threads-empirical,16,15.0339,100000000,1,16,1,3.0640,3.0770
7,hybrid-threads-amdahl,16,15.0546,100000000,1,16,1,,
