impl,scheme,n,procs,threads,nodes,primes,total_s,serial_s,parallel_s,overhead_s,imbalance_pct,write_s
serial,none,100000000,1,1,1,5761455,46.253570,0.373700,45.879870,0.000000,0.00,0.373700
serial,none,100000000,1,1,1,5761455,46.202110,0.310025,45.892085,0.000000,0.00,0.310025
serial,none,100000000,1,1,1,5761455,46.132073,0.259421,45.872651,0.000000,0.00,0.259421
serial,none,100000000,1,1,1,5761455,46.177884,0.291573,45.886311,0.000000,0.00,0.291573
serial,none,100000000,1,1,1,5761455,46.182260,0.311151,45.871109,0.000000,0.00,0.311151
mpi,cyclic,100000000,1,1,1,5761455,46.125228,0.253672,45.868207,0.003349,0.00,0.246609
mpi,cyclic,100000000,1,1,1,5761455,46.133668,0.247290,45.881146,0.005232,0.00,0.240490
mpi,cyclic,100000000,1,1,1,5761455,46.107263,0.222493,45.881479,0.003290,0.00,0.215731
mpi,cyclic,100000000,2,1,1,5761455,23.247866,0.290475,22.952214,0.005177,0.04,0.282302
mpi,cyclic,100000000,2,1,1,5761455,23.315397,0.347985,22.961848,0.005564,0.03,0.339437
mpi,cyclic,100000000,2,1,1,5761455,23.291934,0.336212,22.950063,0.005660,0.04,0.328092
mpi,cyclic,100000000,4,1,1,5761455,11.762891,0.275396,11.481359,0.006135,0.06,0.267841
mpi,cyclic,100000000,4,1,1,5761455,11.756803,0.268676,11.481819,0.006308,0.07,0.261024
mpi,cyclic,100000000,4,1,1,5761455,11.791675,0.302370,11.483302,0.006004,0.09,0.294843
mpi,cyclic,100000000,8,1,1,5761455,6.053898,0.302656,5.744674,0.006568,0.21,0.294635
mpi,cyclic,100000000,8,1,1,5761455,6.037267,0.276964,5.744104,0.016200,0.12,0.266844
mpi,cyclic,100000000,8,1,1,5761455,6.104465,0.291756,5.806326,0.006383,1.01,0.284509
mpi,cyclic,100000000,16,1,1,5761455,3.279767,0.286537,2.985204,0.008026,4.06,0.279347
mpi,cyclic,100000000,16,1,1,5761455,3.230204,0.346082,2.874773,0.009349,0.37,0.338833
mpi,cyclic,100000000,16,1,1,5761455,3.190251,0.299447,2.878813,0.011991,0.44,0.291775
mpi,weighted,100000000,2,1,1,5761455,24.002472,0.297205,23.700421,0.004846,6.32,0.297174
mpi,weighted,100000000,2,1,1,5761455,24.006558,0.292501,23.708485,0.005572,6.45,0.292471
mpi,weighted,100000000,2,1,1,5761455,24.037840,0.277560,23.747900,0.012381,6.47,0.277524
mpi,weighted,100000000,4,1,1,5761455,12.565169,0.275627,12.281519,0.008023,10.21,0.275582
mpi,weighted,100000000,4,1,1,5761455,12.529889,0.253427,12.268431,0.008031,10.22,0.253387
mpi,weighted,100000000,4,1,1,5761455,12.583166,0.293670,12.280121,0.009374,10.33,0.293628
mpi,weighted,100000000,8,1,1,5761455,6.649936,0.292684,6.350003,0.007249,13.58,0.292640
mpi,weighted,100000000,8,1,1,5761455,6.640934,0.274207,6.358506,0.008221,13.68,0.274163
mpi,weighted,100000000,8,1,1,5761455,6.604964,0.235262,6.362639,0.007062,13.31,0.235223
mpi,weighted,100000000,16,1,1,5761455,3.549439,0.227547,3.302609,0.019283,17.07,0.227460
mpi,weighted,100000000,16,1,1,5761455,3.599521,0.235687,3.341275,0.022559,18.00,0.235605
mpi,weighted,100000000,16,1,1,5761455,3.544189,0.221577,3.297569,0.025042,16.93,0.221493
mpi,block,100000000,2,1,1,5761455,29.163381,0.265248,28.890237,0.007896,40.94,0.265218
mpi,block,100000000,2,1,1,5761455,29.135763,0.268405,28.862399,0.004959,40.79,0.268376
mpi,block,100000000,2,1,1,5761455,29.116863,0.230663,28.879475,0.006724,40.93,0.230630
mpi,block,100000000,4,1,1,5761455,15.813095,0.314635,15.489954,0.008506,58.93,0.314598
mpi,block,100000000,4,1,1,5761455,15.901836,0.364720,15.529041,0.008075,59.00,0.364684
mpi,block,100000000,4,1,1,5761455,15.848938,0.334382,15.505979,0.008577,59.00,0.334344
mpi,block,100000000,8,1,1,5761455,8.370301,0.314047,8.048597,0.007656,70.47,0.313994
mpi,block,100000000,8,1,1,5761455,8.294396,0.258549,8.027914,0.007933,70.26,0.258506
mpi,block,100000000,8,1,1,5761455,8.292236,0.282938,8.001311,0.007986,70.26,0.282892
mpi,block,100000000,16,1,1,5761455,7.319909,0.256656,7.038698,0.024556,74.73,0.256569
mpi,block,100000000,16,1,1,5761455,4.333018,0.270251,4.050697,0.012070,77.98,0.270158
mpi,block,100000000,16,1,1,5761455,4.302401,0.237753,4.051909,0.012740,77.98,0.237677
pthreads,cyclic,100000000,1,1,1,5761455,46.485350,0.468432,46.016746,0.000172,0.00,0.468432
pthreads,cyclic,100000000,1,1,1,5761455,46.344184,0.324450,46.019524,0.000210,0.00,0.324450
pthreads,cyclic,100000000,1,1,1,5761455,46.271239,0.267408,46.003647,0.000184,0.00,0.267408
pthreads,cyclic,100000000,1,2,1,5761455,23.361482,0.305438,23.054128,0.001917,0.11,0.305438
pthreads,cyclic,100000000,1,2,1,5761455,23.423370,0.356416,23.064906,0.002048,0.21,0.356416
pthreads,cyclic,100000000,1,2,1,5761455,23.468835,0.413173,23.054218,0.001443,0.07,0.413173
pthreads,cyclic,100000000,1,4,1,5761455,12.022220,0.482823,11.537860,0.001537,0.17,0.482823
pthreads,cyclic,100000000,1,4,1,5761455,11.926105,0.393769,11.530413,0.001922,0.15,0.393769
pthreads,cyclic,100000000,1,4,1,5761455,11.901296,0.371170,11.528926,0.001200,0.09,0.371170
pthreads,cyclic,100000000,1,8,1,5761455,6.189866,0.422509,5.765478,0.001879,0.25,0.422509
pthreads,cyclic,100000000,1,8,1,5761455,6.153530,0.371943,5.780814,0.000773,0.48,0.371943
pthreads,cyclic,100000000,1,8,1,5761455,6.046266,0.271499,5.772763,0.002003,0.36,0.271499
pthreads,cyclic,100000000,1,16,1,5761455,3.156762,0.239813,2.908681,0.008268,1.02,0.239812
pthreads,cyclic,100000000,1,16,1,5761455,3.181379,0.257054,2.901524,0.022802,0.87,0.257053
pthreads,cyclic,100000000,1,16,1,5761455,3.185277,0.274206,2.901109,0.009962,0.83,0.274206
openmp,dynamic,100000000,1,1,1,5761455,46.278273,0.217221,46.061032,0.000020,0.00,0.217221
openmp,dynamic,100000000,1,1,1,5761455,46.234423,0.183017,46.051390,0.000017,0.00,0.183017
openmp,dynamic,100000000,1,1,1,5761455,46.216515,0.175434,46.041066,0.000015,0.00,0.175434
openmp,dynamic,100000000,1,2,1,5761455,23.282922,0.193266,23.089589,0.000067,0.00,0.193266
openmp,dynamic,100000000,1,2,1,5761455,23.257067,0.172233,23.084757,0.000078,0.00,0.172233
openmp,dynamic,100000000,1,2,1,5761455,23.263544,0.178399,23.085075,0.000070,0.00,0.178399
openmp,dynamic,100000000,1,4,1,5761455,11.715579,0.171350,11.544075,0.000154,0.00,0.171350
openmp,dynamic,100000000,1,4,1,5761455,11.727499,0.189717,11.537631,0.000152,0.00,0.189716
openmp,dynamic,100000000,1,4,1,5761455,11.727852,0.186580,11.540887,0.000385,0.00,0.186580
openmp,dynamic,100000000,1,8,1,5761455,5.949077,0.174660,5.774027,0.000390,0.00,0.174660
openmp,dynamic,100000000,1,8,1,5761455,5.988430,0.183582,5.804524,0.000324,0.00,0.183582
openmp,dynamic,100000000,1,8,1,5761455,5.946882,0.175560,5.770677,0.000644,0.00,0.175560
openmp,dynamic,100000000,1,16,1,5761455,3.107384,0.198160,2.900306,0.008918,0.13,0.198159
openmp,dynamic,100000000,1,16,1,5761455,3.094791,0.173653,2.918695,0.002443,0.00,0.173653
openmp,dynamic,100000000,1,16,1,5761455,3.075928,0.177663,2.892564,0.005701,0.00,0.177663
hybrid,cyclic,100000000,1,2,1,5761455,23.286727,0.327718,22.955515,0.003495,0.00,0.320768
hybrid,cyclic,100000000,1,2,1,5761455,23.400318,0.308967,23.087816,0.003535,0.00,0.302080
hybrid,cyclic,100000000,1,2,1,5761455,23.534657,0.245592,23.285636,0.003429,0.00,0.238707
hybrid,cyclic,100000000,2,2,1,5761455,11.725753,0.249927,11.471804,0.004022,0.04,0.242017
hybrid,cyclic,100000000,2,2,1,5761455,11.834305,0.274366,11.555977,0.003961,0.10,0.266082
hybrid,cyclic,100000000,2,2,1,5761455,11.752238,0.278724,11.469553,0.003961,0.03,0.270749
hybrid,cyclic,100000000,4,2,1,5761455,6.015691,0.279325,5.732066,0.004300,0.01,0.271350
hybrid,cyclic,100000000,4,2,1,5761455,5.974259,0.237138,5.732639,0.004483,0.05,0.229187
hybrid,cyclic,100000000,4,2,1,5761455,6.073402,0.333954,5.735237,0.004212,0.14,0.326192
hybrid,cyclic,100000000,8,2,1,5761455,3.162344,0.288784,2.868527,0.005033,0.15,0.280566
hybrid,cyclic,100000000,8,2,1,5761455,3.153742,0.270756,2.876173,0.006813,0.46,0.263417
hybrid,cyclic,100000000,8,2,1,5761455,3.110075,0.236666,2.868317,0.005091,0.17,0.228652
hybrid,cyclic,100000000,1,4,1,5761455,11.766289,0.282408,11.479959,0.003922,0.00,0.275317
hybrid,cyclic,100000000,1,4,1,5761455,11.763904,0.281424,11.477108,0.005372,0.00,0.273771
hybrid,cyclic,100000000,1,4,1,5761455,11.821824,0.335854,11.482476,0.003494,0.00,0.328050
hybrid,cyclic,100000000,2,4,1,5761455,6.028886,0.270433,5.753095,0.005358,0.09,0.263409
hybrid,cyclic,100000000,2,4,1,5761455,6.011154,0.266231,5.738375,0.006547,0.00,0.258725
hybrid,cyclic,100000000,2,4,1,5761455,6.057364,0.297843,5.751812,0.007710,0.02,0.290067
hybrid,cyclic,100000000,4,4,1,5761455,3.709945,0.279982,3.421604,0.008358,10.68,0.271906
hybrid,cyclic,100000000,4,4,1,5761455,4.082249,0.236467,3.837794,0.007989,19.31,0.228545
hybrid,cyclic,100000000,4,4,1,5761455,5.939120,0.232994,5.699271,0.006855,0.11,0.224649
hybrid,cyclic,100000000,1,8,1,5761455,6.044024,0.293164,5.746875,0.003985,0.00,0.284597
hybrid,cyclic,100000000,1,8,1,5761455,6.040397,0.267144,5.769822,0.003431,0.00,0.260221
hybrid,cyclic,100000000,1,8,1,5761455,6.622591,0.245377,6.373410,0.003804,0.00,0.236954
hybrid,cyclic,100000000,2,8,1,5761455,3.475214,0.236095,3.234850,0.004269,3.65,0.228677
hybrid,cyclic,100000000,2,8,1,5761455,3.492028,0.231193,3.256749,0.004085,6.07,0.223570
hybrid,cyclic,100000000,2,8,1,5761455,3.463783,0.238154,3.221879,0.003750,5.09,0.230553
hybrid,cyclic,100000000,1,16,1,5761455,3.112182,0.181392,2.926938,0.003852,0.00,0.174226
hybrid,cyclic,100000000,1,16,1,5761455,3.070548,0.183524,2.883246,0.003779,0.00,0.176593
hybrid,cyclic,100000000,1,16,1,5761455,3.086665,0.192739,2.888846,0.005080,0.00,0.185187
serial,none,44000000,1,1,1,2661384,14.294453,0.097930,14.196524,0.000000,0.00,0.097930
serial,none,44000000,1,1,1,2661384,14.323361,0.126590,14.196770,0.000000,0.00,0.126590
serial,none,48000000,1,1,1,2888144,16.222556,0.151869,16.070687,0.000000,0.00,0.151869
serial,none,48000000,1,1,1,2888144,16.226795,0.154028,16.072767,0.000000,0.00,0.154028
serial,none,52000000,1,1,1,3113843,18.184391,0.162078,18.022313,0.000000,0.00,0.162078
serial,none,52000000,1,1,1,3113843,18.176840,0.132951,18.043889,0.000000,0.00,0.132951
serial,none,56000000,1,1,1,3338330,20.205448,0.170781,20.034667,0.000000,0.00,0.170781
serial,none,56000000,1,1,1,3338330,20.192057,0.158610,20.033448,0.000000,0.00,0.158610
serial,none,60000000,1,1,1,3562115,22.249511,0.143071,22.106440,0.000000,0.00,0.143071
serial,none,60000000,1,1,1,3562115,22.250144,0.149480,22.100664,0.000000,0.00,0.149480
serial,none,64000000,1,1,1,3785086,24.413812,0.175937,24.237875,0.000000,0.00,0.175937
serial,none,64000000,1,1,1,3785086,24.929099,0.263166,24.665933,0.000000,0.00,0.263166
serial,none,68000000,1,1,1,4007342,29.664786,0.355061,29.309724,0.000000,0.00,0.355061
serial,none,68000000,1,1,1,4007342,34.650563,0.270930,34.379633,0.000000,0.00,0.270930
serial,none,72000000,1,1,1,4228658,29.013883,0.295879,28.718004,0.000000,0.00,0.295879
serial,none,72000000,1,1,1,4228658,28.946917,0.235502,28.711414,0.000000,0.00,0.235502
serial,none,76000000,1,1,1,4449611,31.202842,0.216803,30.986039,0.000000,0.00,0.216803
serial,none,76000000,1,1,1,4449611,31.742386,0.242146,31.500240,0.000000,0.00,0.242146
serial,none,80000000,1,1,1,4669382,36.650321,0.226637,36.423684,0.000000,0.00,0.226637
serial,none,80000000,1,1,1,4669382,33.559155,0.218232,33.340923,0.000000,0.00,0.218232
serial,none,84000000,1,1,1,4889139,36.028962,0.277736,35.751226,0.000000,0.00,0.277736
serial,none,84000000,1,1,1,4889139,35.998370,0.230543,35.767827,0.000000,0.00,0.230543
serial,none,88000000,1,1,1,5107832,38.430152,0.215804,38.214347,0.000000,0.00,0.215804
serial,none,88000000,1,1,1,5107832,38.446140,0.227293,38.218847,0.000000,0.00,0.227293
serial,none,92000000,1,1,1,5326237,40.962138,0.238769,40.723370,0.000000,0.00,0.238769
serial,none,92000000,1,1,1,5326237,40.983858,0.261282,40.722576,0.000000,0.00,0.261282
serial,none,96000000,1,1,1,5544201,43.619451,0.333351,43.286101,0.000000,0.00,0.333351
serial,none,96000000,1,1,1,5544201,43.530170,0.263584,43.266587,0.000000,0.00,0.263584
serial,none,100000000,1,1,1,5761455,46.213788,0.335068,45.878719,0.000000,0.00,0.335068
serial,none,100000000,1,1,1,5761455,46.139546,0.244953,45.894593,0.000000,0.00,0.244953
serial,none,104000000,1,1,1,5978489,48.856793,0.310672,48.546121,0.000000,0.00,0.310672
serial,none,104000000,1,1,1,5978489,48.865310,0.296419,48.568890,0.000000,0.00,0.296419
serial,none,108000000,1,1,1,6194963,51.601895,0.343275,51.258620,0.000000,0.00,0.343275
serial,none,108000000,1,1,1,6194963,51.559047,0.332495,51.226552,0.000000,0.00,0.332495
serial,none,112000000,1,1,1,6411057,54.379958,0.432917,53.947042,0.000000,0.00,0.432917
serial,none,112000000,1,1,1,6411057,54.342801,0.340290,54.002511,0.000000,0.00,0.340290
serial,none,116000000,1,1,1,6626563,57.216547,0.330463,56.886084,0.000000,0.00,0.330463
serial,none,116000000,1,1,1,6626563,57.054669,0.284036,56.770632,0.000000,0.00,0.284036
serial,none,120000000,1,1,1,6841648,59.840442,0.310707,59.529735,0.000000,0.00,0.310707
serial,none,120000000,1,1,1,6841648,63.154790,0.364917,62.789873,0.000000,0.00,0.364917
serial,none,124000000,1,1,1,7056480,63.637182,0.480226,63.156956,0.000000,0.00,0.480226
serial,none,124000000,1,1,1,7056480,67.897868,0.489385,67.408483,0.000000,0.00,0.489385
serial,none,128000000,1,1,1,7271035,65.741587,0.386327,65.355260,0.000000,0.00,0.386327
serial,none,128000000,1,1,1,7271035,65.767599,0.443255,65.324344,0.000000,0.00,0.443255
serial,none,132000000,1,1,1,7485189,68.513823,0.229208,68.284615,0.000000,0.00,0.229208
serial,none,132000000,1,1,1,7485189,68.608101,0.250233,68.357867,0.000000,0.00,0.250233
serial,none,136000000,1,1,1,7698729,71.538415,0.261089,71.277326,0.000000,0.00,0.261089
serial,none,136000000,1,1,1,7698729,71.556367,0.235642,71.320725,0.000000,0.00,0.235642
serial,none,140000000,1,1,1,7912199,74.691555,0.247907,74.443648,0.000000,0.00,0.247907
serial,none,140000000,1,1,1,7912199,74.830649,0.244635,74.586015,0.000000,0.00,0.244635
serial,none,144000000,1,1,1,8125404,79.272942,0.409135,78.863807,0.000000,0.00,0.409135
serial,none,144000000,1,1,1,8125404,77.741358,0.400537,77.340822,0.000000,0.00,0.400537
serial,none,148000000,1,1,1,8338205,80.784135,0.387411,80.396724,0.000000,0.00,0.387411
serial,none,148000000,1,1,1,8338205,87.633013,0.573906,87.059107,0.000000,0.00,0.573906
serial,none,152000000,1,1,1,8550438,83.973301,0.395742,83.577559,0.000000,0.00,0.395742
serial,none,152000000,1,1,1,8550438,84.005132,0.406368,83.598764,0.000000,0.00,0.406368
serial,none,156000000,1,1,1,8762625,87.172903,0.375210,86.797694,0.000000,0.00,0.375210
serial,none,156000000,1,1,1,8762625,87.105349,0.340336,86.765013,0.000000,0.00,0.340336
serial,none,160000000,1,1,1,8974458,90.531492,0.555587,89.975905,0.000000,0.00,0.555587
serial,none,160000000,1,1,1,8974458,90.392784,0.401641,89.991143,0.000000,0.00,0.401641
mpi,cyclic,44000000,16,1,1,2661384,0.999795,0.101503,0.890673,0.007619,0.61,0.097728
mpi,cyclic,44000000,16,1,1,2661384,1.016054,0.107260,0.898189,0.010605,1.39,0.103253
mpi,cyclic,44000000,16,1,1,2661384,1.032239,0.134329,0.890613,0.007297,0.61,0.130522
mpi,cyclic,48000000,16,1,1,2888144,1.166956,0.129140,1.021884,0.015932,1.71,0.124746
mpi,cyclic,48000000,16,1,1,2888144,1.178633,0.162444,1.008320,0.007869,0.56,0.158163
mpi,cyclic,48000000,16,1,1,2888144,1.163975,0.147726,1.008780,0.007469,0.59,0.143386
mpi,cyclic,52000000,16,1,1,3113843,1.292585,0.146890,1.138483,0.007212,1.27,0.141803
mpi,cyclic,52000000,16,1,1,3113843,1.273696,0.125046,1.129029,0.019621,0.39,0.120264
mpi,cyclic,52000000,16,1,1,3113843,1.270007,0.134805,1.129585,0.005617,0.45,0.129676
mpi,cyclic,56000000,16,1,1,3338330,1.397168,0.134871,1.255281,0.007016,0.45,0.130425
mpi,cyclic,56000000,16,1,1,3338330,1.410410,0.144134,1.257733,0.008544,0.64,0.139564
mpi,cyclic,56000000,16,1,1,3338330,1.425208,0.158634,1.254661,0.011912,0.38,0.154038
mpi,cyclic,60000000,16,1,1,3562115,1.576656,0.184983,1.384438,0.007234,0.44,0.180388
mpi,cyclic,60000000,16,1,1,3562115,1.554119,0.154427,1.384683,0.015010,0.41,0.149916
mpi,cyclic,60000000,16,1,1,3562115,1.556819,0.159653,1.385032,0.012134,0.44,0.154974
mpi,cyclic,64000000,16,1,1,3785086,1.676326,0.150881,1.518221,0.007223,0.40,0.145922
mpi,cyclic,64000000,16,1,1,3785086,2.974304,0.167411,2.794693,0.012200,45.46,0.161909
mpi,cyclic,64000000,16,1,1,3785086,3.099068,0.148181,2.939930,0.010958,48.54,0.143177
mpi,cyclic,68000000,16,1,1,4007342,2.476832,0.153327,2.314292,0.009213,28.65,0.148162
mpi,cyclic,68000000,16,1,1,4007342,2.982712,0.162817,2.808674,0.011221,41.26,0.157195
mpi,cyclic,68000000,16,1,1,4007342,1.838922,0.171945,1.656367,0.010611,0.43,0.166141
mpi,cyclic,72000000,16,1,1,4228658,1.969458,0.166867,1.796782,0.005809,0.36,0.161247
mpi,cyclic,72000000,16,1,1,4228658,3.830955,0.196543,3.627657,0.006755,1.66,0.190839
mpi,cyclic,72000000,16,1,1,4228658,3.797298,0.223868,3.560804,0.012627,49.64,0.218169
mpi,cyclic,76000000,16,1,1,4449611,2.149549,0.197202,1.942485,0.009862,0.43,0.191119
mpi,cyclic,76000000,16,1,1,4449611,2.152366,0.200046,1.942288,0.010032,0.40,0.193957
mpi,cyclic,76000000,16,1,1,4449611,2.222482,0.239781,1.977029,0.005672,2.17,0.233679
mpi,cyclic,80000000,16,1,1,4669382,2.369752,0.276576,2.087308,0.005867,0.26,0.270604
mpi,cyclic,80000000,16,1,1,4669382,2.354217,0.249029,2.087847,0.017341,0.28,0.243040
mpi,cyclic,80000000,16,1,1,4669382,2.344185,0.242493,2.096128,0.005564,0.28,0.236560
mpi,cyclic,84000000,16,1,1,4889139,2.552122,0.273765,2.268115,0.010242,1.42,0.266968
mpi,cyclic,84000000,16,1,1,4889139,2.507969,0.260238,2.241236,0.006495,0.25,0.252780
mpi,cyclic,84000000,16,1,1,4889139,2.500309,0.252590,2.241470,0.006249,0.28,0.245975
mpi,cyclic,88000000,16,1,1,5107832,2.799175,0.237401,2.542292,0.019482,5.93,0.230514
mpi,cyclic,88000000,16,1,1,5107832,2.621422,0.208634,2.406163,0.006625,0.84,0.201844
mpi,cyclic,88000000,16,1,1,5107832,2.648823,0.235962,2.406515,0.006346,0.82,0.229469
mpi,cyclic,92000000,16,1,1,5326237,2.812009,0.257601,2.549598,0.004810,0.26,0.250216
mpi,cyclic,92000000,16,1,1,5326237,2.796953,0.223488,2.565079,0.008387,0.81,0.216169
mpi,cyclic,92000000,16,1,1,5326237,2.800595,0.241699,2.550261,0.008636,0.27,0.234686
mpi,cyclic,96000000,16,1,1,5544201,2.999602,0.283988,2.709600,0.006014,0.26,0.276606
mpi,cyclic,96000000,16,1,1,5544201,2.962438,0.239632,2.713293,0.009513,0.34,0.232335
mpi,cyclic,96000000,16,1,1,5544201,2.987509,0.271232,2.709788,0.006489,0.28,0.263929
mpi,cyclic,100000000,16,1,1,5761455,3.138771,0.259751,2.872347,0.006673,0.22,0.252348
mpi,cyclic,100000000,16,1,1,5761455,3.173762,0.291556,2.872451,0.009755,0.26,0.284236
mpi,cyclic,100000000,16,1,1,5761455,3.215714,0.335150,2.873753,0.006810,0.29,0.327847
mpi,cyclic,104000000,16,1,1,5978489,3.319235,0.270946,3.040952,0.007336,0.35,0.263191
mpi,cyclic,104000000,16,1,1,5978489,3.297067,0.246938,3.040734,0.009396,0.31,0.239344
mpi,cyclic,104000000,16,1,1,5978489,3.364705,0.316624,3.040719,0.007363,0.30,0.308904
mpi,cyclic,108000000,16,1,1,6194963,3.540064,0.324423,3.207876,0.007766,0.30,0.316427
mpi,cyclic,108000000,16,1,1,6194963,3.517126,0.301520,3.208014,0.007592,0.28,0.293177
mpi,cyclic,108000000,16,1,1,6194963,3.546623,0.332594,3.207549,0.006480,0.27,0.324618
mpi,cyclic,112000000,16,1,1,6411057,3.696303,0.308643,3.379893,0.007767,0.32,0.300567
mpi,cyclic,112000000,16,1,1,6411057,3.704375,0.310373,3.379621,0.014381,0.28,0.302390
mpi,cyclic,112000000,16,1,1,6411057,3.751292,0.362330,3.380395,0.008568,0.22,0.354244
mpi,cyclic,116000000,16,1,1,6626563,3.983521,0.423159,3.553297,0.007066,0.25,0.414597
mpi,cyclic,116000000,16,1,1,6626563,3.894318,0.326684,3.559967,0.007667,0.43,0.318614
mpi,cyclic,116000000,16,1,1,6626563,3.924947,0.363438,3.553594,0.007915,0.27,0.355129
mpi,cyclic,120000000,16,1,1,6841648,4.284055,0.326987,3.948927,0.008141,5.44,0.318040
mpi,cyclic,120000000,16,1,1,6841648,4.088574,0.345563,3.735466,0.007545,0.27,0.335427
mpi,cyclic,120000000,16,1,1,6841648,4.059142,0.293303,3.740468,0.025370,0.48,0.283636
mpi,cyclic,124000000,16,1,1,7056480,7.165835,0.600650,6.552907,0.012278,40.15,0.591603
mpi,cyclic,124000000,16,1,1,7056480,4.381713,0.460564,3.908919,0.012229,0.27,0.449347
mpi,cyclic,124000000,16,1,1,7056480,4.270553,0.352591,3.909203,0.008759,0.29,0.342905
mpi,cyclic,128000000,16,1,1,7271035,4.569101,0.471481,4.089149,0.008471,0.23,0.461707
mpi,cyclic,128000000,16,1,1,7271035,4.438841,0.336392,4.087730,0.014719,0.21,0.326968
mpi,cyclic,128000000,16,1,1,7271035,4.425110,0.328913,4.087951,0.008245,0.20,0.319345
mpi,cyclic,132000000,16,1,1,7485189,4.602993,0.312489,4.281066,0.009438,0.36,0.301849
mpi,cyclic,132000000,16,1,1,7485189,5.727225,0.357752,5.358844,0.010629,19.60,0.347173
mpi,cyclic,132000000,16,1,1,7485189,4.627197,0.343006,4.274078,0.010114,0.23,0.331765
mpi,cyclic,136000000,16,1,1,7698729,4.788869,0.310515,4.465870,0.012484,0.33,0.299488
mpi,cyclic,136000000,16,1,1,7698729,4.810293,0.323240,4.471781,0.015272,0.27,0.312249
mpi,cyclic,136000000,16,1,1,7698729,7.820535,0.324734,7.484897,0.010904,13.69,0.312428
mpi,cyclic,140000000,16,1,1,7912199,5.000660,0.327226,4.663879,0.009556,0.53,0.314384
mpi,cyclic,140000000,16,1,1,7912199,4.974207,0.307928,4.651387,0.014892,0.23,0.296182
mpi,cyclic,140000000,16,1,1,7912199,5.091810,0.431421,4.649474,0.010914,0.18,0.419360
mpi,cyclic,144000000,16,1,1,8125404,5.257139,0.404749,4.841922,0.010468,0.20,0.392482
mpi,cyclic,144000000,16,1,1,8125404,5.276983,0.411821,4.855565,0.009597,0.21,0.400597
mpi,cyclic,144000000,16,1,1,8125404,5.472419,0.451648,5.011276,0.009496,2.85,0.439887
mpi,cyclic,148000000,16,1,1,8338205,5.500504,0.448114,5.042164,0.010226,0.18,0.436156
mpi,cyclic,148000000,16,1,1,8338205,5.495638,0.440399,5.039151,0.016088,0.23,0.429242
mpi,cyclic,148000000,16,1,1,8338205,5.483777,0.439921,5.034215,0.009641,0.16,0.428254
mpi,cyclic,152000000,16,1,1,8550438,5.756069,0.509308,5.231545,0.015215,0.19,0.496320
mpi,cyclic,152000000,16,1,1,8550438,7.739711,0.461126,7.268899,0.009686,27.91,0.448888
mpi,cyclic,152000000,16,1,1,8550438,5.747991,0.493209,5.244423,0.010359,0.43,0.481340
mpi,cyclic,156000000,16,1,1,8762625,5.875850,0.435967,5.430606,0.009276,0.18,0.423499
mpi,cyclic,156000000,16,1,1,8762625,11.311208,0.530234,10.769695,0.011278,22.63,0.518126
mpi,cyclic,156000000,16,1,1,8762625,6.490043,0.455750,6.024333,0.009960,9.73,0.442522
mpi,cyclic,160000000,16,1,1,8974458,6.145459,0.476142,5.658211,0.011106,0.56,0.463025
mpi,cyclic,160000000,16,1,1,8974458,7.087479,0.598300,6.464976,0.024203,12.96,0.577761
mpi,cyclic,160000000,16,1,1,8974458,6.304635,0.622007,5.667344,0.015284,0.36,0.609079
openmp,dynamic,44000000,1,16,1,2661384,1.135946,0.152364,0.975953,0.007629,0.00,0.152364
hybrid,cyclic,44000000,4,4,1,2661384,1.125033,0.111557,1.010782,0.002694,11.92,0.106000
openmp,dynamic,44000000,1,16,1,2661384,1.139579,0.111987,1.019501,0.008091,0.59,0.111987
hybrid,cyclic,44000000,4,4,1,2661384,1.051706,0.145680,0.902937,0.003089,1.32,0.140432
openmp,dynamic,44000000,1,16,1,2661384,1.067726,0.158879,0.900859,0.007988,0.42,0.158879
hybrid,cyclic,44000000,4,4,1,2661384,1.063772,0.158900,0.901825,0.003047,1.03,0.154421
openmp,dynamic,48000000,1,16,1,2888144,1.194601,0.168004,1.018517,0.008081,0.84,0.168004
hybrid,cyclic,48000000,4,4,1,2888144,1.223870,0.204832,1.015339,0.003699,0.63,0.200632
openmp,dynamic,48000000,1,16,1,2888144,1.190553,0.164350,1.018196,0.008008,0.52,0.164349
hybrid,cyclic,48000000,4,4,1,2888144,1.163981,0.143688,1.017023,0.003270,1.03,0.138077
openmp,dynamic,48000000,1,16,1,2888144,1.229815,0.204640,1.018328,0.006848,0.00,0.204639
hybrid,cyclic,48000000,4,4,1,2888144,1.225659,0.201821,1.020193,0.003645,1.11,0.196858
openmp,dynamic,52000000,1,16,1,3113843,1.349013,0.200284,1.140651,0.008078,0.69,0.200284
hybrid,cyclic,52000000,4,4,1,3113843,1.371634,0.211862,1.156235,0.003537,2.02,0.206798
openmp,dynamic,52000000,1,16,1,3113843,1.337464,0.178130,1.151358,0.007977,0.43,0.178129
hybrid,cyclic,52000000,4,4,1,3113843,1.302164,0.158992,1.139552,0.003620,0.76,0.153957
openmp,dynamic,52000000,1,16,1,3113843,1.298695,0.149050,1.141427,0.008219,0.02,0.149049
hybrid,cyclic,52000000,4,4,1,3113843,1.302607,0.159350,1.139461,0.003797,0.79,0.154502
openmp,dynamic,56000000,1,16,1,3338330,1.480670,0.144900,1.327733,0.008037,0.40,0.144899
hybrid,cyclic,56000000,4,4,1,3338330,1.416526,0.142946,1.270223,0.003356,1.14,0.137693
openmp,dynamic,56000000,1,16,1,3338330,1.401546,0.126965,1.266612,0.007968,0.74,0.126965
hybrid,cyclic,56000000,4,4,1,3338330,1.409400,0.144053,1.259773,0.005574,0.44,0.138696
openmp,dynamic,56000000,1,16,1,3338330,1.422101,0.144312,1.269463,0.008326,0.71,0.144312
hybrid,cyclic,56000000,4,4,1,3338330,1.464727,0.177378,1.283975,0.003374,1.99,0.172463
openmp,dynamic,60000000,1,16,1,3562115,1.611324,0.197100,1.406281,0.007943,0.46,0.197099
hybrid,cyclic,60000000,4,4,1,3562115,1.617099,0.218196,1.394919,0.003984,0.76,0.211640
openmp,dynamic,60000000,1,16,1,3562115,1.645686,0.236824,1.400461,0.008401,0.44,0.236824
hybrid,cyclic,60000000,4,4,1,3562115,1.622509,0.222410,1.395725,0.004374,0.74,0.217154
openmp,dynamic,60000000,1,16,1,3562115,1.591331,0.186353,1.398737,0.006242,0.00,0.186352
hybrid,cyclic,60000000,4,4,1,3562115,1.612640,0.216469,1.392519,0.003652,0.55,0.211015
openmp,dynamic,64000000,1,16,1,3785086,1.723855,0.182558,1.533339,0.007958,0.00,0.182558
hybrid,cyclic,64000000,4,4,1,3785086,1.716571,0.173323,1.539794,0.003453,1.27,0.167318
openmp,dynamic,64000000,1,16,1,3785086,1.695751,0.161298,1.533241,0.001212,0.00,0.161297
hybrid,cyclic,64000000,4,4,1,3785086,1.716005,0.178020,1.534635,0.003350,1.05,0.172800
openmp,dynamic,64000000,1,16,1,3785086,1.703792,0.154096,1.541262,0.008434,0.61,0.154095
hybrid,cyclic,64000000,4,4,1,3785086,1.748420,0.180826,1.564032,0.003562,2.96,0.174864
openmp,dynamic,68000000,1,16,1,4007342,1.892854,0.214397,1.672234,0.006223,0.00,0.214397
hybrid,cyclic,68000000,4,4,1,4007342,2.476550,0.218199,2.253566,0.004785,15.79,0.212908
openmp,dynamic,68000000,1,16,1,4007342,2.668808,0.247986,2.412718,0.008105,0.00,0.247985
hybrid,cyclic,68000000,4,4,1,4007342,1.885843,0.207736,1.672614,0.005493,0.71,0.202228
openmp,dynamic,68000000,1,16,1,4007342,1.962020,0.267639,1.686313,0.008068,0.51,0.267639
hybrid,cyclic,68000000,4,4,1,4007342,1.860872,0.196255,1.660788,0.003829,0.33,0.190601
openmp,dynamic,72000000,1,16,1,4228658,2.070846,0.250800,1.811887,0.008159,0.51,0.250800
hybrid,cyclic,72000000,4,4,1,4228658,2.021315,0.217549,1.799437,0.004329,0.11,0.211334
openmp,dynamic,72000000,1,16,1,4228658,2.011595,0.197311,1.813488,0.000797,0.00,0.197310
hybrid,cyclic,72000000,4,4,1,4228658,2.007227,0.196666,1.806472,0.004090,0.35,0.189795
openmp,dynamic,72000000,1,16,1,4228658,1.987680,0.166871,1.812797,0.008012,0.08,0.166870
hybrid,cyclic,72000000,4,4,1,4228658,2.016178,0.209372,1.803254,0.003552,0.38,0.203027
openmp,dynamic,76000000,1,16,1,4449611,2.239225,0.209876,2.023680,0.005670,0.00,0.209874
hybrid,cyclic,76000000,4,4,1,4449611,2.186669,0.208374,1.972766,0.005530,1.53,0.201496
openmp,dynamic,76000000,1,16,1,4449611,2.133840,0.166581,1.958724,0.008535,0.38,0.166580
hybrid,cyclic,76000000,4,4,1,4449611,2.146219,0.190558,1.951697,0.003964,0.52,0.183770
openmp,dynamic,76000000,1,16,1,4449611,2.151863,0.184939,1.958929,0.007994,0.28,0.184938
hybrid,cyclic,76000000,4,4,1,4449611,2.128792,0.175823,1.949439,0.003531,0.29,0.168002
openmp,dynamic,80000000,1,16,1,4669382,2.274818,0.167088,2.099797,0.007933,0.02,0.167087
hybrid,cyclic,80000000,4,4,1,4669382,2.310115,0.210794,2.094383,0.004938,0.10,0.203982
openmp,dynamic,80000000,1,16,1,4669382,2.344471,0.235581,2.100690,0.008201,0.18,0.235580
hybrid,cyclic,80000000,4,4,1,4669382,2.343168,0.250483,2.087385,0.005300,0.10,0.243119
openmp,dynamic,80000000,1,16,1,4669382,2.320751,0.212637,2.100133,0.007981,0.49,0.212637
hybrid,cyclic,80000000,4,4,1,4669382,2.360384,0.261806,2.093201,0.005377,0.40,0.255202
openmp,dynamic,84000000,1,16,1,4889139,2.503914,0.242466,2.253512,0.007937,0.33,0.242465
hybrid,cyclic,84000000,4,4,1,4889139,2.480812,0.238040,2.237964,0.004807,0.09,0.231708
openmp,dynamic,84000000,1,16,1,4889139,2.525906,0.264762,2.252910,0.008234,0.30,0.264761
hybrid,cyclic,84000000,4,4,1,4889139,2.490975,0.239491,2.247573,0.003911,0.17,0.232180
openmp,dynamic,84000000,1,16,1,4889139,2.465120,0.204526,2.252538,0.008056,0.31,0.204525
hybrid,cyclic,84000000,4,4,1,4889139,2.478059,0.226768,2.247092,0.004198,0.51,0.218631
openmp,dynamic,88000000,1,16,1,5107832,2.654557,0.239435,2.406898,0.008224,0.24,0.239434
hybrid,cyclic,88000000,4,4,1,5107832,2.629507,0.227106,2.398034,0.004366,0.31,0.219863
openmp,dynamic,88000000,1,16,1,5107832,2.653470,0.241560,2.407748,0.004163,0.00,0.241560
hybrid,cyclic,88000000,4,4,1,5107832,2.633812,0.231129,2.398340,0.004343,0.43,0.222655
openmp,dynamic,88000000,1,16,1,5107832,2.728277,0.226940,2.493491,0.007845,0.30,0.226940
hybrid,cyclic,88000000,4,4,1,5107832,2.655636,0.251221,2.400151,0.004263,0.46,0.244188
openmp,dynamic,92000000,1,16,1,5326237,2.797019,0.223155,2.565755,0.008109,0.23,0.223155
hybrid,cyclic,92000000,4,4,1,5326237,2.856517,0.290829,2.560881,0.004806,0.51,0.282730
openmp,dynamic,92000000,1,16,1,5326237,2.854814,0.280741,2.565991,0.008083,0.44,0.280740
hybrid,cyclic,92000000,4,4,1,5326237,2.832838,0.274088,2.554636,0.004115,0.31,0.266665
openmp,dynamic,92000000,1,16,1,5326237,2.808232,0.222522,2.577720,0.007990,0.35,0.222522
hybrid,cyclic,92000000,4,4,1,5326237,2.832407,0.274414,2.550476,0.007517,0.19,0.266397
openmp,dynamic,96000000,1,16,1,5544201,2.986231,0.252083,2.726003,0.008145,0.28,0.252083
hybrid,cyclic,96000000,4,4,1,5544201,2.941352,0.227062,2.708934,0.005356,0.13,0.220016
openmp,dynamic,96000000,1,16,1,5544201,2.927955,0.195596,2.724098,0.008261,0.38,0.195595
hybrid,cyclic,96000000,4,4,1,5544201,2.942494,0.220099,2.716350,0.006045,0.41,0.211866
openmp,dynamic,96000000,1,16,1,5544201,2.929003,0.193404,2.727677,0.007922,0.22,0.193403
hybrid,cyclic,96000000,4,4,1,5544201,2.914381,0.196203,2.713517,0.004661,0.22,0.188743
openmp,dynamic,100000000,1,16,1,5761455,3.146370,0.248719,2.889380,0.008272,0.41,0.248718
hybrid,cyclic,100000000,4,4,1,5761455,3.112212,0.231709,2.874957,0.005546,0.21,0.222646
openmp,dynamic,100000000,1,16,1,5761455,3.128411,0.231933,2.888474,0.008004,0.27,0.231933
hybrid,cyclic,100000000,4,4,1,5761455,3.146969,0.260860,2.880953,0.005156,0.38,0.252952
openmp,dynamic,100000000,1,16,1,5761455,3.138855,0.250012,2.888032,0.000811,0.00,0.250011
hybrid,cyclic,100000000,4,4,1,5761455,3.168476,0.283667,2.878615,0.006194,0.32,0.273577
openmp,dynamic,104000000,1,16,1,5978489,3.364074,0.301456,3.054545,0.008072,0.40,0.301456
hybrid,cyclic,104000000,4,4,1,5978489,3.359117,0.313726,3.040426,0.004965,0.19,0.305262
openmp,dynamic,104000000,1,16,1,5978489,3.312045,0.252601,3.058659,0.000785,0.00,0.252600
hybrid,cyclic,104000000,4,4,1,5978489,3.327811,0.275420,3.045748,0.006643,0.37,0.265306
openmp,dynamic,104000000,1,16,1,5978489,3.281382,0.222768,3.054321,0.004294,0.00,0.222767
hybrid,cyclic,104000000,4,4,1,5978489,3.381684,0.321000,3.054934,0.005750,0.64,0.311873
openmp,dynamic,108000000,1,16,1,6194963,3.513218,0.290354,3.222150,0.000713,0.00,0.290354
hybrid,cyclic,108000000,4,4,1,6194963,3.519797,0.302176,3.210927,0.006694,0.29,0.293729
openmp,dynamic,108000000,1,16,1,6194963,3.488437,0.262854,3.224406,0.001176,0.00,0.262853
hybrid,cyclic,108000000,4,4,1,6194963,3.511406,0.294375,3.212438,0.004593,0.29,0.285953
openmp,dynamic,108000000,1,16,1,6194963,3.473687,0.240896,3.224796,0.007995,0.10,0.240896
hybrid,cyclic,108000000,4,4,1,6194963,3.468527,0.251010,3.213049,0.004468,0.24,0.242880
openmp,dynamic,112000000,1,16,1,6411057,3.651819,0.249246,3.394326,0.008247,0.26,0.249246
hybrid,cyclic,112000000,4,4,1,6411057,3.664618,0.278226,3.380020,0.006372,0.12,0.269170
openmp,dynamic,112000000,1,16,1,6411057,3.695891,0.238032,3.446740,0.011119,0.28,0.238032
hybrid,cyclic,112000000,4,4,1,6411057,3.715324,0.253219,3.456013,0.006092,2.25,0.243977
openmp,dynamic,112000000,1,16,1,6411057,3.646973,0.238630,3.400310,0.008034,0.16,0.238630
hybrid,cyclic,112000000,4,4,1,6411057,3.697786,0.305550,3.386321,0.005915,0.12,0.296920
openmp,dynamic,116000000,1,16,1,6626563,3.876913,0.299451,3.569509,0.007953,0.00,0.299450
hybrid,cyclic,116000000,4,4,1,6626563,3.840660,0.277473,3.558036,0.005151,0.27,0.268239
openmp,dynamic,116000000,1,16,1,6626563,3.881508,0.308778,3.567828,0.004903,0.00,0.308777
hybrid,cyclic,116000000,4,4,1,6626563,3.953119,0.391954,3.556565,0.004600,0.20,0.381826
openmp,dynamic,116000000,1,16,1,6626563,4.007119,0.430218,3.568971,0.007930,0.12,0.430218
hybrid,cyclic,116000000,4,4,1,6626563,3.899048,0.344063,3.550302,0.004682,0.10,0.333235
openmp,dynamic,120000000,1,16,1,6841648,4.046378,0.293162,3.748095,0.005121,0.00,0.293161
hybrid,cyclic,120000000,4,4,1,6841648,4.011305,0.277654,3.728383,0.005268,0.13,0.266928
openmp,dynamic,120000000,1,16,1,6841648,4.058916,0.304612,3.746393,0.007911,0.02,0.304611
hybrid,cyclic,120000000,4,4,1,6841648,4.049860,0.312225,3.732310,0.005325,0.08,0.303082
openmp,dynamic,120000000,1,16,1,6841648,4.005255,0.248654,3.748544,0.008057,0.00,0.248653
hybrid,cyclic,120000000,4,4,1,6841648,4.037647,0.298765,3.732467,0.006415,0.25,0.289361
openmp,dynamic,124000000,1,16,1,7056480,4.214519,0.285072,3.927196,0.002251,0.00,0.285071
hybrid,cyclic,124000000,4,4,1,7056480,4.197107,0.277653,3.914057,0.005397,0.27,0.267676
openmp,dynamic,124000000,1,16,1,7056480,4.195503,0.262144,3.924975,0.008384,0.15,0.262144
hybrid,cyclic,124000000,4,4,1,7056480,4.276462,0.357583,3.913599,0.005279,0.26,0.347832
openmp,dynamic,124000000,1,16,1,7056480,4.313938,0.375301,3.930782,0.007855,0.23,0.375301
hybrid,cyclic,124000000,4,4,1,7056480,4.267067,0.354631,3.906624,0.005811,0.09,0.345351
openmp,dynamic,128000000,1,16,1,7271035,5.194475,0.324742,4.863793,0.005941,0.00,0.324742
hybrid,cyclic,128000000,4,4,1,7271035,5.415527,0.372528,5.037370,0.005629,7.46,0.363401
openmp,dynamic,128000000,1,16,1,7271035,5.281024,0.371955,4.901086,0.007983,0.12,0.371955
hybrid,cyclic,128000000,4,4,1,7271035,5.989347,0.367172,5.615580,0.006595,27.33,0.358259
openmp,dynamic,128000000,1,16,1,7271035,5.202865,0.381087,4.815291,0.006486,0.00,0.381087
hybrid,cyclic,128000000,4,4,1,7271035,5.112877,0.297234,4.809453,0.006190,12.70,0.287736
openmp,dynamic,132000000,1,16,1,7485189,6.627702,0.326868,6.294013,0.006821,0.00,0.326868
hybrid,cyclic,132000000,4,4,1,7485189,8.818266,0.328522,8.483245,0.006500,0.16,0.318940
openmp,dynamic,132000000,1,16,1,7485189,8.842206,0.336114,8.498418,0.007674,0.00,0.336114
hybrid,cyclic,132000000,4,4,1,7485189,4.627985,0.341040,4.281292,0.005653,0.36,0.331477
openmp,dynamic,132000000,1,16,1,7485189,5.185509,0.358352,4.818872,0.008285,0.08,0.358352
hybrid,cyclic,132000000,4,4,1,7485189,8.986919,0.353437,8.628021,0.005460,0.93,0.345150
openmp,dynamic,136000000,1,16,1,7698729,5.280383,0.327633,4.944621,0.008128,0.21,0.327633
hybrid,cyclic,136000000,4,4,1,7698729,4.858694,0.394102,4.457030,0.007561,0.04,0.384156
openmp,dynamic,136000000,1,16,1,7698729,5.277275,0.314441,4.959243,0.003591,0.00,0.314441
hybrid,cyclic,136000000,4,4,1,7698729,8.196094,0.308076,7.881565,0.006452,3.13,0.298903
openmp,dynamic,136000000,1,16,1,7698729,8.153689,0.283764,7.861560,0.008365,0.05,0.283763
hybrid,cyclic,136000000,4,4,1,7698729,5.198761,0.342072,4.849887,0.006802,7.78,0.332711
openmp,dynamic,140000000,1,16,1,7912199,5.479674,0.371854,5.106262,0.001558,0.01,0.371853
hybrid,cyclic,140000000,4,4,1,7912199,4.995225,0.334981,4.654620,0.005624,0.28,0.324436
openmp,dynamic,140000000,1,16,1,7912199,4.979475,0.302975,4.668362,0.008139,0.00,0.302974
hybrid,cyclic,140000000,4,4,1,7912199,4.982336,0.323374,4.653212,0.005750,0.18,0.313114
openmp,dynamic,140000000,1,16,1,7912199,5.003119,0.327245,4.667822,0.008052,0.19,0.327245
hybrid,cyclic,140000000,4,4,1,7912199,5.195121,0.401918,4.787683,0.005521,1.42,0.391911
openmp,dynamic,144000000,1,16,1,8125404,5.508810,0.365761,5.134674,0.008375,0.07,0.365760
hybrid,cyclic,144000000,4,4,1,8125404,5.213588,0.358299,4.849358,0.005932,0.20,0.347535
openmp,dynamic,144000000,1,16,1,8125404,5.229437,0.362447,4.859037,0.007953,0.17,0.362447
hybrid,cyclic,144000000,4,4,1,8125404,5.201613,0.349533,4.846085,0.005995,0.33,0.339173
openmp,dynamic,144000000,1,16,1,8125404,5.181207,0.311586,4.861732,0.007889,0.08,0.311586
hybrid,cyclic,144000000,4,4,1,8125404,5.211585,0.357138,4.848415,0.006032,0.26,0.347092
openmp,dynamic,148000000,1,16,1,8338205,5.408417,0.343531,5.056474,0.008413,0.17,0.343531
hybrid,cyclic,148000000,4,4,1,8338205,5.415732,0.375658,5.034134,0.005939,0.05,0.365333
openmp,dynamic,148000000,1,16,1,8338205,5.384926,0.320068,5.064309,0.000549,0.00,0.320067
hybrid,cyclic,148000000,4,4,1,8338205,5.393439,0.341538,5.046121,0.005781,0.24,0.330729
openmp,dynamic,148000000,1,16,1,8338205,5.506018,0.320173,5.181824,0.004021,0.00,0.320173
hybrid,cyclic,148000000,4,4,1,8338205,5.395413,0.327947,5.061186,0.006280,0.08,0.316961
openmp,dynamic,152000000,1,16,1,8550438,5.662350,0.373238,5.283666,0.005447,0.00,0.373237
hybrid,cyclic,152000000,4,4,1,8550438,5.605330,0.363673,5.234431,0.007226,0.15,0.352052
openmp,dynamic,152000000,1,16,1,8550438,5.616478,0.355290,5.253136,0.008051,0.11,0.355290
hybrid,cyclic,152000000,4,4,1,8550438,5.656685,0.416129,5.233925,0.006631,0.13,0.404224
openmp,dynamic,152000000,1,16,1,8550438,5.750045,0.347728,5.394524,0.007793,0.00,0.347728
hybrid,cyclic,152000000,4,4,1,8550438,5.628150,0.383988,5.237901,0.006261,0.30,0.372811
openmp,dynamic,156000000,1,16,1,8762625,5.790094,0.330327,5.451838,0.007929,0.15,0.330327
hybrid,cyclic,156000000,4,4,1,8762625,5.802997,0.364301,5.432734,0.005962,0.11,0.353557
openmp,dynamic,156000000,1,16,1,8762625,5.889862,0.348348,5.533353,0.008162,0.09,0.348347
hybrid,cyclic,156000000,4,4,1,8762625,5.815250,0.378050,5.431388,0.005812,0.16,0.367333
openmp,dynamic,156000000,1,16,1,8762625,5.840064,0.380540,5.451596,0.007928,0.15,0.380539
hybrid,cyclic,156000000,4,4,1,8762625,5.834252,0.389116,5.439226,0.005909,0.27,0.378073
openmp,dynamic,160000000,1,16,1,8974458,6.000861,0.347024,5.653253,0.000584,0.00,0.347024
hybrid,cyclic,160000000,4,4,1,8974458,6.040197,0.407869,5.625869,0.006459,0.07,0.396246
openmp,dynamic,160000000,1,16,1,8974458,6.067612,0.407553,5.650861,0.009197,0.10,0.407553
hybrid,cyclic,160000000,4,4,1,8974458,6.103528,0.473723,5.623470,0.006335,0.07,0.462305
openmp,dynamic,160000000,1,16,1,8974458,6.108711,0.449851,5.650636,0.008223,0.10,0.449851
hybrid,cyclic,160000000,4,4,1,8974458,6.086914,0.449958,5.630682,0.006274,0.19,0.438851
mpi,cyclic,100000000,16,1,1,5761455,3.147178,0.265790,2.872515,0.008872,0.27,0.258277
mpi,cyclic,100000000,16,1,2,5761455,3.268606,0.301762,2.916215,0.050629,1.75,0.274678
mpi,cyclic,100000000,32,1,2,5761455,2.511287,0.342909,2.116200,0.052178,32.28,0.316207
mpi,cyclic,100000000,16,1,1,5761455,3.138232,0.258627,2.872998,0.006607,0.29,0.251135
mpi,cyclic,100000000,16,1,2,5761455,3.168076,0.247334,2.873383,0.047359,0.29,0.220787
mpi,cyclic,100000000,32,1,2,5761455,1.720526,0.236008,1.439205,0.045313,0.59,0.208824
mpi,cyclic,100000000,16,1,1,5761455,3.234491,0.264421,2.962874,0.007196,2.86,0.256894
mpi,cyclic,100000000,16,1,2,5761455,3.170706,0.250935,2.875004,0.044768,0.37,0.223942
mpi,cyclic,100000000,32,1,2,5761455,1.702691,0.225593,1.437563,0.039535,0.52,0.207893
mpi,weighted,100000000,16,1,1,5761455,3.527325,0.204142,3.299245,0.023937,16.89,0.204064
mpi,weighted,100000000,16,1,2,5761455,3.546958,0.221448,3.294355,0.031154,16.84,0.201066
mpi,weighted,100000000,32,1,2,5761455,1.969652,0.216258,1.718593,0.034802,20.41,0.196174
mpi,weighted,100000000,16,1,1,5761455,3.507108,0.200225,3.294241,0.012642,16.84,0.200144
mpi,weighted,100000000,16,1,2,5761455,3.548167,0.221531,3.295700,0.030937,16.87,0.203034
mpi,weighted,100000000,32,1,2,5761455,2.274358,0.524403,1.711786,0.038170,20.12,0.512493
mpi,weighted,100000000,16,1,1,5761455,3.570682,0.260107,3.295713,0.014862,16.91,0.260025
mpi,weighted,100000000,16,1,2,5761455,3.558138,0.236779,3.295238,0.026121,16.88,0.216812
mpi,weighted,100000000,32,1,2,5761455,1.989710,0.240848,1.713029,0.035834,20.18,0.220962
mpi,block,100000000,16,1,1,5761455,4.283685,0.209098,4.048888,0.025699,77.97,0.209015
mpi,block,100000000,16,1,2,5761455,4.318647,0.224210,4.047412,0.047024,77.96,0.204320
mpi,block,100000000,32,1,2,5761455,2.307856,0.230455,2.037847,0.039555,83.50,0.218015
mpi,block,100000000,16,1,1,5761455,4.305955,0.246346,4.047607,0.012002,77.96,0.246270
mpi,block,100000000,16,1,2,5761455,4.351694,0.247811,4.048112,0.055771,77.98,0.227746
mpi,block,100000000,32,1,2,5761455,2.336588,0.241586,2.038640,0.056363,83.49,0.230095
mpi,block,100000000,16,1,1,5761455,4.282062,0.222723,4.046799,0.012540,77.81,0.222645
mpi,block,100000000,16,1,2,5761455,4.333718,0.247589,4.047935,0.038194,77.96,0.229370
mpi,block,100000000,32,1,2,5761455,3.039813,0.236490,2.759059,0.044264,87.81,0.216736
hybrid,cyclic,100000000,16,2,2,5761455,1.888562,0.409276,1.439446,0.039840,0.53,0.382258
hybrid,cyclic,100000000,8,2,1,5761455,4.482524,0.286101,4.189995,0.006429,31.41,0.277857
hybrid,cyclic,100000000,8,2,2,5761455,3.182039,0.266732,2.871809,0.043498,0.17,0.258988
hybrid,cyclic,100000000,16,2,2,5761455,1.778345,0.256002,1.475500,0.046842,2.88,0.228513
hybrid,cyclic,100000000,8,2,1,5761455,3.200481,0.237690,2.956378,0.006413,3.02,0.229632
hybrid,cyclic,100000000,8,2,2,5761455,3.176851,0.266511,2.875364,0.034975,0.30,0.258869
hybrid,cyclic,100000000,16,2,2,5761455,1.793666,0.263536,1.496316,0.033814,4.28,0.237297
hybrid,cyclic,100000000,8,2,1,5761455,3.969390,0.229582,3.729532,0.010276,21.77,0.221555
hybrid,cyclic,100000000,8,2,2,5761455,3.148404,0.213910,2.906006,0.028488,1.37,0.205943
pthreads,cyclic,100000000,1,16,1,5761455,4.683232,0.191676,4.482280,0.009276,35.00,0.191676
openmp,dynamic,100000000,1,16,1,5761455,3.216815,0.182482,3.026224,0.008110,0.22,0.182481
pthreads,cyclic,100000000,1,32,1,5761455,3.296204,0.190455,3.091264,0.014485,22.63,0.190455
openmp,dynamic,100000000,1,32,1,5761455,3.185048,0.186679,2.990973,0.007396,2.45,0.186679
mpi,cyclic-oversub,100000000,16,1,1,5761455,3.228597,0.203693,3.008000,0.016905,4.07,0.183849
mpi,cyclic-oversub,100000000,32,1,1,5761455,3.328326,0.221853,3.065937,0.040537,17.60,0.201985
hybrid,cyclic-oversub,100000000,4,4,1,5761455,3.188072,0.235946,2.944457,0.007668,0.50,0.216323
hybrid,cyclic-oversub,100000000,4,8,1,5761455,3.148160,0.211501,2.929554,0.007105,1.47,0.192602
hybrid,cyclic-oversub,100000000,8,2,1,5761455,3.141592,0.235576,2.886880,0.019136,0.37,0.215345
hybrid,cyclic-oversub,100000000,16,2,1,5761455,3.289433,0.230528,3.039222,0.019683,13.79,0.216191
pthreads,cyclic,100000000,1,16,1,5761455,3.143449,0.213984,2.927633,0.001833,1.44,0.213983
openmp,dynamic,100000000,1,16,1,5761455,3.144774,0.196410,2.939895,0.008469,0.25,0.196410
pthreads,cyclic,100000000,1,32,1,5761455,3.226267,0.206002,3.002012,0.018253,24.53,0.206002
openmp,dynamic,100000000,1,32,1,5761455,3.109508,0.179189,2.925543,0.004776,5.45,0.179189
mpi,cyclic-oversub,100000000,16,1,1,5761455,3.161046,0.220486,2.912287,0.028273,1.29,0.204052
mpi,cyclic-oversub,100000000,32,1,1,5761455,3.411394,0.215196,3.151119,0.045080,30.92,0.195646
hybrid,cyclic-oversub,100000000,4,4,1,5761455,3.120013,0.219114,2.891609,0.009290,0.27,0.199535
hybrid,cyclic-oversub,100000000,4,8,1,5761455,3.171373,0.232550,2.931840,0.006983,1.21,0.213043
hybrid,cyclic-oversub,100000000,8,2,1,5761455,3.138959,0.232857,2.888253,0.017849,0.07,0.213504
hybrid,cyclic-oversub,100000000,16,2,1,5761455,3.155864,0.219224,2.923053,0.013587,0.75,0.198916
pthreads,cyclic,100000000,1,16,1,5761455,3.120986,0.214086,2.905095,0.001805,0.78,0.214086
openmp,dynamic,100000000,1,16,1,5761455,3.120097,0.189835,2.921597,0.008665,0.05,0.189834
pthreads,cyclic,100000000,1,32,1,5761455,3.237316,0.211546,3.001921,0.023848,34.95,0.211546
openmp,dynamic,100000000,1,32,1,5761455,3.112937,0.181883,2.924077,0.006977,7.60,0.181883
mpi,cyclic-oversub,100000000,16,1,1,5761455,3.137661,0.245385,2.881609,0.010667,0.43,0.226727
mpi,cyclic-oversub,100000000,32,1,1,5761455,3.563234,0.215263,3.301585,0.046386,36.67,0.195370
hybrid,cyclic-oversub,100000000,4,4,1,5761455,3.123492,0.222777,2.894063,0.006652,0.02,0.203972
hybrid,cyclic-oversub,100000000,4,8,1,5761455,3.166719,0.224185,2.934911,0.007622,1.65,0.204348
hybrid,cyclic-oversub,100000000,8,2,1,5761455,3.162164,0.215733,2.926909,0.019523,1.56,0.196639
hybrid,cyclic-oversub,100000000,16,2,1,5761455,3.166183,0.215598,2.930870,0.019716,0.62,0.196780
