impl,scheme,n,procs,threads,nodes,primes,total_s,serial_s,parallel_s,overhead_s,imbalance_pct
mpi,cyclic,100000000,1,1,1,5761455,45.963877,0.010913,45.948610,0.004354,0.00
mpi,cyclic,100000000,1,1,1,5761455,45.912795,0.010688,45.898625,0.003482,0.00
mpi,cyclic,100000000,1,1,1,5761455,45.919053,0.010737,45.904834,0.003481,0.00
mpi,block,100000000,2,1,1,5761455,28.846151,0.000031,28.840650,0.005470,40.89
mpi,block,100000000,2,1,1,5761455,28.875574,0.000032,28.869724,0.005818,40.92
mpi,block,100000000,2,1,1,5761455,28.855480,0.000032,28.849743,0.005705,40.92
mpi,block,100000000,2,1,1,5761455,28.853620,0.000037,28.848408,0.005174,40.91
mpi,block,100000000,2,1,1,5761455,28.854147,0.000037,28.847417,0.006693,40.93
mpi,block,100000000,4,1,1,5761455,15.504055,0.000047,15.496101,0.007907,58.81
mpi,block,100000000,4,1,1,5761455,15.500614,0.000041,15.493962,0.006612,58.92
mpi,block,100000000,4,1,1,5761455,15.506745,0.000038,15.497720,0.008987,58.92
mpi,block,100000000,4,1,1,5761455,15.484859,0.000054,15.477232,0.007573,58.94
mpi,block,100000000,4,1,1,5761455,15.533405,0.000040,15.517998,0.015367,58.97
mpi,block,100000000,8,1,1,5761455,8.043830,0.000053,8.026670,0.017106,70.25
mpi,block,100000000,8,1,1,5761455,8.019738,0.000058,8.002834,0.016846,69.96
mpi,block,100000000,8,1,1,5761455,8.006155,0.000057,7.990964,0.015134,70.22
mpi,block,100000000,8,1,1,5761455,8.009270,0.000052,7.993013,0.016205,70.22
mpi,block,100000000,8,1,1,5761455,8.013041,0.000049,7.997537,0.015454,70.14
mpi,block,100000000,16,1,1,5761455,5.570523,0.000119,5.547140,0.023264,83.89
mpi,block,100000000,16,1,1,5761455,4.145550,0.000113,4.130917,0.014521,78.37
mpi,block,100000000,16,1,1,5761455,4.084060,0.000110,4.061548,0.022402,78.03
mpi,block,100000000,16,1,1,5761455,4.062343,0.000088,4.049431,0.012824,77.96
mpi,block,100000000,16,1,1,5761455,4.060699,0.000087,4.048788,0.011824,77.96
mpi,cyclic,100000000,2,1,1,5761455,22.985324,0.017808,22.962270,0.005246,0.08
mpi,cyclic,100000000,2,1,1,5761455,22.975604,0.017629,22.952717,0.005259,0.01
mpi,cyclic,100000000,2,1,1,5761455,22.979155,0.018134,22.956318,0.004703,0.00
mpi,cyclic,100000000,2,1,1,5761455,22.982303,0.017731,22.958888,0.005684,0.01
mpi,cyclic,100000000,2,1,1,5761455,22.998771,0.018020,22.975445,0.005307,0.00
mpi,cyclic,100000000,4,1,1,5761455,11.522857,0.027324,11.489167,0.006366,0.11
mpi,cyclic,100000000,4,1,1,5761455,11.519720,0.027326,11.486012,0.006382,0.06
mpi,cyclic,100000000,4,1,1,5761455,11.520187,0.027212,11.485905,0.007070,0.04
mpi,cyclic,100000000,4,1,1,5761455,11.520378,0.027108,11.486780,0.006489,0.08
mpi,cyclic,100000000,4,1,1,5761455,11.520165,0.027694,11.486308,0.006164,0.05
mpi,cyclic,100000000,8,1,1,5761455,5.798288,0.049099,5.742561,0.006629,0.10
mpi,cyclic,100000000,8,1,1,5761455,5.800331,0.049655,5.743974,0.006701,0.12
mpi,cyclic,100000000,8,1,1,5761455,5.800742,0.050187,5.744015,0.006539,0.13
mpi,cyclic,100000000,8,1,1,5761455,5.823109,0.049654,5.766510,0.006945,0.31
mpi,cyclic,100000000,8,1,1,5761455,5.900172,0.049492,5.843739,0.006941,1.56
mpi,cyclic,100000000,16,1,1,5761455,2.989650,0.095183,2.887260,0.007207,0.66
mpi,cyclic,100000000,16,1,1,5761455,2.994929,0.096853,2.890919,0.007157,0.77
mpi,cyclic,100000000,16,1,1,5761455,2.974236,0.096137,2.875122,0.002977,0.25
mpi,cyclic,100000000,16,1,1,5761455,4.952818,0.101171,4.843473,0.008174,40.58
mpi,cyclic,100000000,16,1,1,5761455,2.978458,0.095041,2.876452,0.006966,0.38
mpi,weighted,100000000,2,1,1,5761455,23.714645,0.000031,23.709706,0.004909,6.45
mpi,weighted,100000000,2,1,1,5761455,23.712361,0.000029,23.707721,0.004611,6.39
mpi,weighted,100000000,2,1,1,5761455,23.724274,0.000034,23.719608,0.004631,6.48
mpi,weighted,100000000,2,1,1,5761455,23.728460,0.000032,23.723153,0.005274,6.37
mpi,weighted,100000000,2,1,1,5761455,23.724128,0.000035,23.719443,0.004650,6.36
mpi,weighted,100000000,4,1,1,5761455,12.272703,0.000039,12.266394,0.006270,10.18
mpi,weighted,100000000,4,1,1,5761455,12.276754,0.000040,12.270739,0.005975,10.28
mpi,weighted,100000000,4,1,1,5761455,12.276027,0.000040,12.270119,0.005869,10.23
mpi,weighted,100000000,4,1,1,5761455,12.274597,0.000038,12.268511,0.006048,10.20
mpi,weighted,100000000,4,1,1,5761455,12.278399,0.000041,12.271988,0.006370,10.23
mpi,weighted,100000000,8,1,1,5761455,6.358823,0.000041,6.351020,0.007762,13.13
mpi,weighted,100000000,8,1,1,5761455,6.358842,0.000049,6.351165,0.007628,13.60
mpi,weighted,100000000,8,1,1,5761455,6.360277,0.000042,6.352737,0.007498,13.61
mpi,weighted,100000000,8,1,1,5761455,6.359312,0.000041,6.351694,0.007577,13.62
mpi,weighted,100000000,8,1,1,5761455,6.359615,0.000055,6.352249,0.007310,13.62
mpi,weighted,100000000,16,1,1,5761455,3.318500,0.000078,3.297091,0.021330,16.83
mpi,weighted,100000000,16,1,1,5761455,3.311463,0.000082,3.294971,0.016410,16.90
mpi,weighted,100000000,16,1,1,5761455,3.329929,0.000081,3.294112,0.035735,16.83
mpi,weighted,100000000,16,1,1,5761455,3.315947,0.000082,3.295086,0.020779,16.61
mpi,weighted,100000000,16,1,1,5761455,3.308897,0.000080,3.295422,0.013395,16.80
mpi,block,100000000,16,1,2,5761455,4.111326,0.019225,4.050027,0.042074,78.00
mpi,block,100000000,16,1,2,5761455,4.122460,0.016038,4.050800,0.055622,77.99
mpi,block,100000000,16,1,2,5761455,4.128008,0.014388,4.064013,0.049608,78.06
mpi,block,100000000,16,1,2,5761455,4.106556,0.018225,4.058247,0.030083,76.89
mpi,block,100000000,16,1,2,5761455,4.110167,0.018514,4.052199,0.039454,78.00
mpi,cyclic,100000000,16,1,2,5761455,3.046651,0.115974,2.887836,0.042841,0.80
mpi,cyclic,100000000,16,1,2,5761455,3.031390,0.115469,2.876360,0.039561,0.42
mpi,cyclic,100000000,16,1,2,5761455,3.049667,0.113560,2.897993,0.038115,1.15
mpi,cyclic,100000000,16,1,2,5761455,3.355346,0.113811,3.198309,0.043226,10.42
mpi,cyclic,100000000,16,1,2,5761455,3.041107,0.114788,2.878991,0.047328,0.50
mpi,weighted,100000000,16,1,2,5761455,3.336322,0.012754,3.297467,0.026101,16.75
mpi,weighted,100000000,16,1,2,5761455,3.336564,0.019509,3.294029,0.023027,15.42
mpi,weighted,100000000,16,1,2,5761455,3.340483,0.019305,3.293491,0.027686,16.78
mpi,weighted,100000000,16,1,2,5761455,3.343804,0.019973,3.295016,0.028814,16.82
mpi,weighted,100000000,16,1,2,5761455,3.356559,0.018381,3.308962,0.029216,15.79
mpi,block,100000000,32,1,2,5761455,2.110822,0.017952,2.041810,0.051059,83.53
mpi,block,100000000,32,1,2,5761455,2.101154,0.015888,2.038599,0.046666,83.50
mpi,block,100000000,32,1,2,5761455,2.103765,0.013955,2.040665,0.049145,83.51
mpi,block,100000000,32,1,2,5761455,2.100618,0.013157,2.037814,0.049647,82.54
mpi,block,100000000,32,1,2,5761455,2.103648,0.019674,2.039450,0.044523,83.52
mpi,cyclic,100000000,32,1,2,5761455,1.697980,0.210428,1.439676,0.047876,0.55
mpi,cyclic,100000000,32,1,2,5761455,1.694107,0.205380,1.439175,0.049552,0.49
mpi,cyclic,100000000,32,1,2,5761455,1.690552,0.202893,1.438843,0.048817,0.49
mpi,cyclic,100000000,32,1,2,5761455,1.705226,0.201872,1.455122,0.048232,1.57
mpi,cyclic,100000000,32,1,2,5761455,1.697479,0.201611,1.450279,0.045589,1.25
mpi,weighted,100000000,32,1,2,5761455,1.770067,0.018395,1.713921,0.037751,19.70
mpi,weighted,100000000,32,1,2,5761455,1.762311,0.010861,1.713417,0.038032,20.02
mpi,weighted,100000000,32,1,2,5761455,1.772091,0.019769,1.712598,0.039723,20.09
mpi,weighted,100000000,32,1,2,5761455,1.759843,0.010567,1.711620,0.037656,19.89
mpi,weighted,100000000,32,1,2,5761455,1.770747,0.020183,1.712366,0.038198,20.07
mpi,cyclic,1000000,8,1,1,78498,0.020949,0.000859,0.016367,0.003723,47.89
mpi,cyclic,1000000,8,1,1,78498,0.013696,0.001069,0.008687,0.003940,1.87
mpi,cyclic,1000000,8,1,1,78498,0.013392,0.000898,0.008687,0.003808,1.60
mpi,cyclic,5000000,8,1,1,348513,0.086877,0.003944,0.081915,0.001018,0.92
mpi,cyclic,5000000,8,1,1,348513,0.095462,0.003404,0.090715,0.001343,10.04
mpi,cyclic,5000000,8,1,1,348513,0.086817,0.003499,0.081949,0.001370,0.97
mpi,cyclic,10000000,8,1,1,664579,0.225603,0.006520,0.217465,0.001617,0.68
mpi,cyclic,10000000,8,1,1,664579,0.232664,0.006426,0.217458,0.008781,0.68
mpi,cyclic,10000000,8,1,1,664579,0.227049,0.007202,0.217967,0.001880,0.77
mpi,cyclic,50000000,8,1,1,3001134,2.166522,0.026034,2.136622,0.003866,0.24
mpi,cyclic,50000000,8,1,1,3001134,2.172084,0.026283,2.142082,0.003719,0.51
mpi,cyclic,50000000,8,1,1,3001134,2.195989,0.027369,2.163080,0.005541,1.21
mpi,cyclic,100000000,8,1,1,5761455,5.828704,0.050185,5.768952,0.009568,0.41
mpi,cyclic,100000000,8,1,1,5761455,5.832759,0.050324,5.769354,0.013082,0.21
mpi,cyclic,100000000,8,1,1,5761455,5.822956,0.050411,5.759171,0.013374,0.27
mpi,cyclic-weak,50000000,1,1,1,3001134,17.046334,0.000002,17.042527,0.003806,0.00
mpi,cyclic-weak,50000000,1,1,1,3001134,17.050701,0.000002,17.046809,0.003890,0.00
mpi,cyclic-weak,50000000,1,1,1,3001134,17.045727,0.000002,17.041918,0.003807,0.00
mpi,cyclic-weak,79370000,2,1,1,4634764,20.731344,0.000029,20.725803,0.005512,40.80
mpi,cyclic-weak,79370000,2,1,1,4634764,20.731741,0.000026,20.727470,0.004244,40.81
mpi,cyclic-weak,79370000,2,1,1,4634764,20.731800,0.000030,20.726708,0.005062,40.78
mpi,cyclic-weak,126000000,4,1,1,7163814,21.580620,0.000039,21.571108,0.009473,59.06
mpi,cyclic-weak,126000000,4,1,1,7163814,21.585060,0.000038,21.574009,0.011013,59.04
mpi,cyclic-weak,126000000,4,1,1,7163814,21.622123,0.000037,21.612670,0.009415,59.13
mpi,cyclic-weak,200000000,8,1,1,11078937,21.615625,0.000045,21.602874,0.012705,70.58
mpi,cyclic-weak,200000000,8,1,1,11078937,21.608068,0.000042,21.595372,0.012654,70.56
mpi,cyclic-weak,200000000,8,1,1,11078937,21.612937,0.000045,21.602533,0.010359,70.60
mpi,cyclic-weak,317000000,16,1,1,17122216,21.446099,0.000076,21.428818,0.017204,78.70
mpi,cyclic-weak,317000000,16,1,1,17122216,21.303966,0.000083,21.277849,0.026035,78.53
mpi,cyclic-weak,317000000,16,1,1,17122216,21.304430,0.000077,21.281519,0.022834,78.54
mpi,cyclic,100000000,1,1,1,5761455,45.916360,0.011611,45.899847,0.004902,0.00
mpi,cyclic,100000000,1,1,1,5761455,45.952864,0.012313,45.936230,0.004321,0.00
mpi,cyclic,100000000,1,1,1,5761455,46.187582,0.010905,46.172066,0.004611,0.00
mpi,cyclic,1000000,8,1,1,78498,0.014146,0.001094,0.008724,0.004327,2.21
mpi,cyclic,1000000,8,1,1,78498,0.028654,0.000857,0.008665,0.019131,1.92
mpi,cyclic,1000000,8,1,1,78498,0.026549,0.000943,0.008682,0.016924,2.03
mpi,cyclic,5000000,8,1,1,348513,0.095623,0.004238,0.081954,0.009431,0.99
mpi,cyclic,5000000,8,1,1,348513,0.087010,0.003807,0.081810,0.001392,0.85
mpi,cyclic,5000000,8,1,1,348513,0.087694,0.003566,0.081835,0.002294,0.83
mpi,cyclic,10000000,8,1,1,664579,0.227067,0.006731,0.217462,0.002875,0.70
mpi,cyclic,10000000,8,1,1,664579,0.226639,0.006088,0.218660,0.001891,1.08
mpi,cyclic,10000000,8,1,1,664579,0.227165,0.007062,0.217447,0.002655,0.70
mpi,cyclic,50000000,8,1,1,3001134,2.173244,0.026636,2.140685,0.005923,0.42
mpi,cyclic,50000000,8,1,1,3001134,2.167688,0.026663,2.135968,0.005057,0.28
mpi,cyclic,50000000,8,1,1,3001134,2.164541,0.026772,2.133378,0.004391,0.18
mpi,cyclic,100000000,8,1,1,5761455,6.822437,0.049972,6.764956,0.007509,15.24
mpi,cyclic,100000000,8,1,1,5761455,8.142746,0.078404,8.050329,0.014013,1.25
mpi,cyclic,100000000,8,1,1,5761455,5.815767,0.051109,5.750476,0.014182,0.21
mpi,cyclic,100000000,1,1,1,5761455,46.002362,0.011799,45.981811,0.008753,0.00
mpi,cyclic,100000000,1,1,1,5761455,45.962385,0.010962,45.940347,0.011076,0.00
mpi,cyclic,100000000,1,1,1,5761455,45.953739,0.011703,45.933577,0.008460,0.00
mpi,cyclic,1000000,8,1,1,78498,0.014006,0.001028,0.008721,0.004258,2.25
mpi,cyclic,1000000,8,1,1,78498,0.013566,0.000961,0.008690,0.003915,2.10
mpi,cyclic,1000000,8,1,1,78498,0.022122,0.001031,0.008691,0.012400,1.80
mpi,cyclic,5000000,8,1,1,348513,0.086934,0.003794,0.081895,0.001244,0.90
mpi,cyclic,5000000,8,1,1,348513,0.087095,0.003719,0.081842,0.001534,0.81
mpi,cyclic,5000000,8,1,1,348513,0.086962,0.003872,0.081871,0.001219,0.69
mpi,cyclic,10000000,8,1,1,664579,0.230575,0.006356,0.217264,0.006955,0.67
mpi,cyclic,10000000,8,1,1,664579,0.233516,0.007246,0.224010,0.002259,3.68
mpi,cyclic,10000000,8,1,1,664579,0.226164,0.006875,0.217405,0.001884,0.71
mpi,cyclic,50000000,8,1,1,3001134,2.166396,0.027322,2.134126,0.004948,0.17
mpi,cyclic,50000000,8,1,1,3001134,2.165146,0.027704,2.132947,0.004495,0.12
mpi,cyclic,50000000,8,1,1,3001134,2.165360,0.026345,2.134820,0.004195,0.16
mpi,cyclic,100000000,8,1,1,5761455,5.793867,0.048747,5.737855,0.007265,0.16
mpi,cyclic,100000000,8,1,1,5761455,5.797440,0.049627,5.740148,0.007666,0.15
mpi,cyclic,100000000,8,1,1,5761455,8.316796,0.050080,8.257721,0.008995,23.97
serial,none,100000000,1,1,1,5761455,45.944987,0.000000,45.944987,0.000000,0.00
serial,none,100000000,1,1,1,5761455,45.931621,0.000000,45.931621,0.000000,0.00
serial,none,100000000,1,1,1,5761455,45.879346,0.000000,45.879346,0.000000,0.00
mpi,cyclic,100000000,1,1,1,5761455,45.934150,0.012361,45.917714,0.004075,0.00
mpi,cyclic,100000000,1,1,1,5761455,45.934173,0.011723,45.918582,0.003868,0.00
mpi,cyclic,100000000,1,1,1,5761455,45.914961,0.011399,45.899471,0.004091,0.00
pthreads,cyclic,100000000,1,1,1,5761455,46.015385,0.000000,46.015213,0.000171,0.00
pthreads,cyclic,100000000,1,1,1,5761455,46.039835,0.000000,46.039620,0.000216,0.00
pthreads,cyclic,100000000,1,1,1,5761455,46.008303,0.000000,46.007964,0.000339,0.00
pthreads,cyclic,100000000,1,2,1,5761455,23.061893,0.000000,23.059890,0.002003,0.16
pthreads,cyclic,100000000,1,2,1,5761455,23.057655,0.000000,23.055671,0.001984,0.13
pthreads,cyclic,100000000,1,2,1,5761455,23.088979,0.000000,23.086521,0.002458,0.16
pthreads,cyclic,100000000,1,4,1,5761455,11.568851,0.000000,11.567916,0.000935,0.33
pthreads,cyclic,100000000,1,4,1,5761455,11.527872,0.000000,11.527247,0.000625,0.10
pthreads,cyclic,100000000,1,4,1,5761455,11.553214,0.000000,11.551856,0.001358,0.10
pthreads,cyclic,100000000,1,8,1,5761455,5.798370,0.000000,5.797784,0.000585,0.74
pthreads,cyclic,100000000,1,8,1,5761455,5.803768,0.000000,5.801671,0.002097,0.45
pthreads,cyclic,100000000,1,8,1,5761455,5.774227,0.000000,5.771663,0.002564,0.16
pthreads,cyclic,100000000,1,16,1,5761455,2.920722,0.000000,2.911367,0.009355,0.81
pthreads,cyclic,100000000,1,16,1,5761455,3.248157,0.000000,3.242324,0.005833,10.62
pthreads,cyclic,100000000,1,16,1,5761455,2.903655,0.000001,2.901821,0.001834,0.51
openmp,dynamic,100000000,1,1,1,5761455,46.043156,0.000000,46.043139,0.000017,0.00
openmp,dynamic,100000000,1,1,1,5761455,46.054835,0.000000,46.054816,0.000019,0.00
openmp,dynamic,100000000,1,1,1,5761455,46.012936,0.000000,46.012915,0.000021,0.00
openmp,dynamic,100000000,1,2,1,5761455,23.065300,0.000000,23.065228,0.000072,0.00
openmp,dynamic,100000000,1,2,1,5761455,23.104911,0.000000,23.104837,0.000073,0.00
openmp,dynamic,100000000,1,2,1,5761455,23.088923,0.000000,23.088847,0.000076,0.00
openmp,dynamic,100000000,1,4,1,5761455,11.536815,0.000000,11.536649,0.000166,0.00
openmp,dynamic,100000000,1,4,1,5761455,11.532744,0.000000,11.532172,0.000572,0.00
openmp,dynamic,100000000,1,4,1,5761455,11.530163,0.000000,11.529956,0.000206,0.00
openmp,dynamic,100000000,1,8,1,5761455,5.767198,0.000000,5.766908,0.000290,0.00
openmp,dynamic,100000000,1,8,1,5761455,5.763990,0.000000,5.763616,0.000373,0.00
openmp,dynamic,100000000,1,8,1,5761455,5.764621,0.000000,5.763765,0.000856,0.00
openmp,dynamic,100000000,1,16,1,5761455,2.895258,0.000001,2.887297,0.007960,0.30
openmp,dynamic,100000000,1,16,1,5761455,2.897774,0.000000,2.889707,0.008066,0.43
openmp,dynamic,100000000,1,16,1,5761455,2.896624,0.000000,2.888606,0.008018,0.29
serial,none,1000000,1,1,1,78498,0.068394,0.000000,0.068394,0.000000,0.00
pthreads,cyclic,1000000,1,8,1,78498,0.012112,0.000000,0.008988,0.003124,2.76
openmp,dynamic,1000000,1,8,1,78498,0.012747,0.000000,0.008943,0.003804,0.02
mpi,cyclic,1000000,8,1,1,78498,0.013561,0.000956,0.008688,0.003917,1.76
serial,none,1000000,1,1,1,78498,0.068638,0.000000,0.068638,0.000000,0.00
pthreads,cyclic,1000000,1,8,1,78498,0.017071,0.000000,0.016727,0.000344,47.59
openmp,dynamic,1000000,1,8,1,78498,0.011581,0.000000,0.010400,0.001180,0.02
mpi,cyclic,1000000,8,1,1,78498,0.013849,0.000863,0.008885,0.004101,3.81
serial,none,1000000,1,1,1,78498,0.068720,0.000000,0.068720,0.000000,0.00
pthreads,cyclic,1000000,1,8,1,78498,0.017760,0.000000,0.009050,0.008709,3.40
openmp,dynamic,1000000,1,8,1,78498,0.013789,0.000000,0.008916,0.004873,0.02
mpi,cyclic,1000000,8,1,1,78498,0.013728,0.001092,0.008683,0.003953,1.93
serial,none,5000000,1,1,1,348513,0.652389,0.000000,0.652389,0.000000,0.00
pthreads,cyclic,5000000,1,8,1,348513,0.093717,0.000000,0.093189,0.000528,11.40
openmp,dynamic,5000000,1,8,1,348513,0.091078,0.000000,0.082969,0.008109,0.03
mpi,cyclic,5000000,8,1,1,348513,0.091407,0.003547,0.081824,0.006036,0.85
serial,none,5000000,1,1,1,348513,0.651886,0.000000,0.651886,0.000000,0.00
pthreads,cyclic,5000000,1,8,1,348513,0.083279,0.000000,0.082924,0.000356,1.01
openmp,dynamic,5000000,1,8,1,348513,0.084848,0.000000,0.082915,0.001933,0.00
mpi,cyclic,5000000,8,1,1,348513,0.090791,0.003488,0.081822,0.005481,0.89
serial,none,5000000,1,1,1,348513,0.652032,0.000000,0.652032,0.000000,0.00
pthreads,cyclic,5000000,1,8,1,348513,0.087741,0.000000,0.082905,0.004836,0.88
openmp,dynamic,5000000,1,8,1,348513,0.090978,0.000000,0.082897,0.008081,0.03
mpi,cyclic,5000000,8,1,1,348513,0.086679,0.003658,0.081900,0.001121,0.89
serial,none,10000000,1,1,1,664579,1.732743,0.000000,1.732743,0.000000,0.00
pthreads,cyclic,10000000,1,8,1,664579,0.232078,0.000000,0.227473,0.004604,4.08
openmp,dynamic,10000000,1,8,1,664579,0.227619,0.000000,0.219561,0.008058,0.01
mpi,cyclic,10000000,8,1,1,664579,0.225044,0.006087,0.217315,0.001642,0.65
serial,none,10000000,1,1,1,664579,1.732266,0.000000,1.732266,0.000000,0.00
pthreads,cyclic,10000000,1,8,1,664579,0.221693,0.000000,0.220993,0.000700,1.39
openmp,dynamic,10000000,1,8,1,664579,0.223607,0.000000,0.219570,0.004037,0.00
mpi,cyclic,10000000,8,1,1,664579,0.225788,0.006472,0.217651,0.001665,0.62
serial,none,10000000,1,1,1,664579,1.732907,0.000000,1.732907,0.000000,0.00
pthreads,cyclic,10000000,1,8,1,664579,0.236698,0.000000,0.236343,0.000355,7.64
openmp,dynamic,10000000,1,8,1,664579,0.225215,0.000000,0.219370,0.005844,0.00
mpi,cyclic,10000000,8,1,1,664579,0.225147,0.006060,0.217459,0.001628,0.72
serial,none,50000000,1,1,1,3001134,17.052353,0.000000,17.052353,0.000000,0.00
pthreads,cyclic,50000000,1,8,1,3001134,2.149724,0.000000,2.147144,0.002580,0.32
openmp,dynamic,50000000,1,8,1,3001134,2.150999,0.000000,2.142832,0.008166,0.00
mpi,cyclic,50000000,8,1,1,3001134,2.172885,0.026295,2.142712,0.003877,0.61
serial,none,50000000,1,1,1,3001134,17.045354,0.000000,17.045354,0.000000,0.00
pthreads,cyclic,50000000,1,8,1,3001134,2.144774,0.000000,2.143597,0.001177,0.15
openmp,dynamic,50000000,1,8,1,3001134,2.147764,0.000000,2.143353,0.004410,0.00
mpi,cyclic,50000000,8,1,1,3001134,2.164838,0.026395,2.135357,0.003086,0.24
serial,none,50000000,1,1,1,3001134,17.040591,0.000000,17.040591,0.000000,0.00
pthreads,cyclic,50000000,1,8,1,3001134,2.144320,0.000000,2.143127,0.001193,0.14
openmp,dynamic,50000000,1,8,1,3001134,2.145893,0.000000,2.141949,0.003944,0.00
mpi,cyclic,50000000,8,1,1,3001134,2.163586,0.026280,2.133024,0.004282,0.15
serial,none,100000000,1,1,1,5761455,45.866714,0.000000,45.866714,0.000000,0.00
pthreads,cyclic,100000000,1,8,1,5761455,5.764971,0.000000,5.758950,0.006021,0.16
openmp,dynamic,100000000,1,8,1,5761455,5.764194,0.000000,5.756383,0.007811,0.00
mpi,cyclic,100000000,8,1,1,5761455,5.849846,0.049100,5.794352,0.006395,0.89
serial,none,100000000,1,1,1,5761455,45.861461,0.000000,45.861461,0.000000,0.00
pthreads,cyclic,100000000,1,8,1,5761455,5.762267,0.000000,5.760668,0.001598,0.18
openmp,dynamic,100000000,1,8,1,5761455,5.757858,0.000000,5.755576,0.002282,0.00
mpi,cyclic,100000000,8,1,1,5761455,5.797924,0.052123,5.740208,0.005592,0.16
serial,none,100000000,1,1,1,5761455,45.952226,0.000000,45.952226,0.000000,0.00
pthreads,cyclic,100000000,1,8,1,5761455,5.766814,0.000000,5.765006,0.001808,0.27
openmp,dynamic,100000000,1,8,1,5761455,5.758294,0.000000,5.756703,0.001591,0.00
mpi,cyclic,100000000,8,1,1,5761455,5.812819,0.049508,5.755630,0.007681,0.26
