impl,scheme,n,parallelism,nodes,reps,median_s,min_s,max_s,speedup,efficiency_pct,serial_s,overhead_s,imbalance_pct,karp_flatt_e
mpi,block,100000000,2,1,5,28.854147,28.846151,28.875574,1.5909,79.55,0.000032,0.005705,40.92,0.2571
mpi,block,100000000,4,1,5,15.504055,15.484859,15.533405,2.9609,74.02,0.000041,0.007907,58.92,0.1170
mpi,block,100000000,8,1,5,8.013041,8.006155,8.043830,5.7288,71.61,0.000053,0.016205,70.22,0.0566
mpi,block,100000000,16,1,5,4.084060,4.060699,5.570523,11.2402,70.25,0.000110,0.014521,78.03,0.0282
mpi,block,100000000,16,2,5,4.111326,4.106556,4.128008,11.1656,69.79,0.018225,0.042074,78.00,0.0289
mpi,block,100000000,32,2,5,2.103648,2.100618,2.110822,21.8218,68.19,0.015888,0.049145,83.51,0.0150
mpi,cyclic,1000000,8,1,12,0.013927,0.013392,0.028654,4.9282,61.60,0.000959,0.004027,1.98,0.0890
mpi,cyclic,5000000,8,1,12,0.087053,0.086679,0.095623,7.4901,93.63,0.003688,0.001381,0.89,0.0097
mpi,cyclic,10000000,8,1,12,0.226844,0.225044,0.233516,7.6385,95.48,0.006496,0.001888,0.70,0.0068
mpi,cyclic,50000000,8,1,12,2.166459,2.163586,2.195989,7.8678,98.35,0.026515,0.004337,0.24,0.0024
mpi,cyclic,100000000,1,1,12,45.943518,45.912795,46.187582,0.9992,99.92,0.011505,0.004338,0.00,
mpi,cyclic,100000000,2,1,5,22.982303,22.975604,22.998771,1.9974,99.87,0.017808,0.005259,0.01,0.0013
mpi,cyclic,100000000,4,1,5,11.520187,11.519720,11.522857,3.9848,99.62,0.027324,0.006382,0.06,0.0013
mpi,cyclic,100000000,8,1,17,5.822956,5.793867,8.316796,7.8835,98.54,0.049972,0.007509,0.26,0.0021
mpi,cyclic,100000000,16,1,5,2.989650,2.974236,4.952818,15.3548,95.97,0.096137,0.007157,0.66,0.0028
mpi,cyclic,100000000,16,2,5,3.046651,3.031390,3.355346,15.0675,94.17,0.114788,0.042841,0.80,0.0041
mpi,cyclic,100000000,32,2,5,1.697479,1.690552,1.705226,27.0433,84.51,0.202893,0.048232,0.55,0.0059
mpi,cyclic-weak,50000000,1,1,3,17.046334,17.045727,17.050701,0.9999,99.99,0.000002,0.003807,0.00,
mpi,cyclic-weak,79370000,2,1,3,20.731741,20.731344,20.731800,,,0.000029,0.005062,40.80,
mpi,cyclic-weak,126000000,4,1,3,21.585060,21.580620,21.622123,,,0.000038,0.009473,59.06,
mpi,cyclic-weak,200000000,8,1,3,21.612937,21.608068,21.615625,,,0.000045,0.012654,70.58,
mpi,cyclic-weak,317000000,16,1,3,21.304430,21.303966,21.446099,,,0.000077,0.022834,78.54,
mpi,weighted,100000000,2,1,5,23.724128,23.712361,23.728460,1.9350,96.75,0.000032,0.004650,6.39,0.0336
mpi,weighted,100000000,4,1,5,12.276027,12.272703,12.278399,3.7394,93.49,0.000040,0.006048,10.23,0.0232
mpi,weighted,100000000,8,1,5,6.359312,6.358823,6.360277,7.2186,90.23,0.000042,0.007577,13.61,0.0155
mpi,weighted,100000000,16,1,5,3.315947,3.308897,3.329929,13.8439,86.52,0.000081,0.020779,16.83,0.0104
mpi,weighted,100000000,16,2,5,3.340483,3.336322,3.356559,13.7422,85.89,0.019305,0.027686,16.75,0.0110
mpi,weighted,100000000,32,2,5,1.770067,1.759843,1.772091,25.9343,81.04,0.018395,0.038032,20.02,0.0075
openmp,dynamic,1000000,8,1,3,0.012747,0.011581,0.013789,5.3846,67.31,0.000000,0.003804,0.02,0.0694
openmp,dynamic,5000000,8,1,3,0.090978,0.084848,0.091078,7.1669,89.59,0.000000,0.008081,0.03,0.0166
openmp,dynamic,10000000,8,1,3,0.225215,0.223607,0.227619,7.6937,96.17,0.000000,0.005844,0.00,0.0057
openmp,dynamic,50000000,8,1,3,2.147764,2.145893,2.150999,7.9363,99.20,0.000000,0.004410,0.00,0.0011
openmp,dynamic,100000000,1,1,3,46.043156,46.012936,46.054835,0.9970,99.70,0.000000,0.000019,0.00,
openmp,dynamic,100000000,2,1,3,23.088923,23.065300,23.104911,1.9882,99.41,0.000000,0.000073,0.00,0.0059
openmp,dynamic,100000000,4,1,3,11.532744,11.530163,11.536815,3.9804,99.51,0.000000,0.000206,0.00,0.0016
openmp,dynamic,100000000,8,1,6,5.764092,5.757858,5.767198,7.9640,99.55,0.000000,0.001223,0.00,0.0006
openmp,dynamic,100000000,16,1,3,2.896624,2.895258,2.897774,15.8479,99.05,0.000000,0.008018,0.30,0.0006
pthreads,cyclic,1000000,8,1,3,0.017071,0.012112,0.017760,4.0207,50.26,0.000000,0.003124,3.40,0.1414
pthreads,cyclic,5000000,8,1,3,0.087741,0.083279,0.093717,7.4313,92.89,0.000000,0.000528,1.01,0.0109
pthreads,cyclic,10000000,8,1,3,0.232078,0.221693,0.236698,7.4662,93.33,0.000000,0.000700,4.08,0.0102
pthreads,cyclic,50000000,8,1,3,2.144774,2.144320,2.149724,7.9474,99.34,0.000000,0.001193,0.15,0.0009
pthreads,cyclic,100000000,1,1,3,46.015385,46.008303,46.039835,0.9976,99.76,0.000000,0.000216,0.00,
pthreads,cyclic,100000000,2,1,3,23.061893,23.057655,23.088979,1.9905,99.53,0.000000,0.002003,0.16,0.0048
pthreads,cyclic,100000000,4,1,3,11.553214,11.527872,11.568851,3.9734,99.33,0.000000,0.000935,0.10,0.0022
pthreads,cyclic,100000000,8,1,6,5.770520,5.762267,5.803768,7.9552,99.44,0.000000,0.001952,0.23,0.0008
pthreads,cyclic,100000000,16,1,3,2.920722,2.903655,3.248157,15.7172,98.23,0.000000,0.005833,0.81,0.0012
serial,none,1000000,1,1,3,0.068638,0.068394,0.068720,,,0.000000,0.000000,0.00,
serial,none,5000000,1,1,3,0.652032,0.651886,0.652389,,,0.000000,0.000000,0.00,
serial,none,10000000,1,1,3,1.732743,1.732266,1.732907,,,0.000000,0.000000,0.00,
serial,none,50000000,1,1,3,17.045354,17.040591,17.052353,,,0.000000,0.000000,0.00,
serial,none,100000000,1,1,6,45.905484,45.861461,45.952226,,,0.000000,0.000000,0.00,
