graph,series,x,value,n,procs,threads,nodes,note
1,serial,44.0,14.2945,44000000,1,1,1,runtime_s
1,serial,48.0,16.2226,48000000,1,1,1,runtime_s
1,serial,52.0,18.1768,52000000,1,1,1,runtime_s
1,serial,56.0,20.1921,56000000,1,1,1,runtime_s
1,serial,60.0,22.2495,60000000,1,1,1,runtime_s
1,serial,64.0,24.4138,64000000,1,1,1,runtime_s
1,serial,68.0,26.5945,68000000,1,1,1,runtime_s
1,serial,72.0,28.9469,72000000,1,1,1,runtime_s
1,serial,76.0,31.2028,76000000,1,1,1,runtime_s
1,serial,80.0,33.5592,80000000,1,1,1,runtime_s
1,serial,84.0,35.9984,84000000,1,1,1,runtime_s
1,serial,88.0,38.4302,88000000,1,1,1,runtime_s
1,serial,92.0,40.9621,92000000,1,1,1,runtime_s
1,serial,96.0,43.5302,96000000,1,1,1,runtime_s
1,serial,100.0,46.1321,100000000,1,1,1,runtime_s
1,serial,104.0,48.8568,104000000,1,1,1,runtime_s
1,serial,108.0,51.5590,108000000,1,1,1,runtime_s
1,serial,112.0,54.3428,112000000,1,1,1,runtime_s
1,serial,116.0,57.0547,116000000,1,1,1,runtime_s
1,serial,120.0,59.8404,120000000,1,1,1,runtime_s
1,serial,124.0,63.6372,124000000,1,1,1,runtime_s
1,serial,128.0,65.7416,128000000,1,1,1,runtime_s
1,serial,132.0,68.5138,132000000,1,1,1,runtime_s
1,serial,136.0,71.5384,136000000,1,1,1,runtime_s
1,serial,140.0,74.6916,140000000,1,1,1,runtime_s
1,serial,144.0,77.7414,144000000,1,1,1,runtime_s
1,serial,148.0,80.7841,148000000,1,1,1,runtime_s
1,serial,152.0,83.9733,152000000,1,1,1,runtime_s
1,serial,156.0,87.1053,156000000,1,1,1,runtime_s
1,serial,160.0,90.3928,160000000,1,1,1,runtime_s
1,openmp,44.0,1.0677,44000000,1,16,1,runtime_s
1,openmp,48.0,1.1906,48000000,1,16,1,runtime_s
1,openmp,52.0,1.2987,52000000,1,16,1,runtime_s
1,openmp,56.0,1.4015,56000000,1,16,1,runtime_s
1,openmp,60.0,1.5913,60000000,1,16,1,runtime_s
1,openmp,64.0,1.6958,64000000,1,16,1,runtime_s
1,openmp,68.0,1.8929,68000000,1,16,1,runtime_s
1,openmp,72.0,1.9877,72000000,1,16,1,runtime_s
1,openmp,76.0,2.1338,76000000,1,16,1,runtime_s
1,openmp,80.0,2.2748,80000000,1,16,1,runtime_s
1,openmp,84.0,2.4651,84000000,1,16,1,runtime_s
1,openmp,88.0,2.6535,88000000,1,16,1,runtime_s
1,openmp,92.0,2.7970,92000000,1,16,1,runtime_s
1,openmp,96.0,2.9280,96000000,1,16,1,runtime_s
1,openmp,100.0,3.0759,100000000,1,16,1,runtime_s
1,openmp,104.0,3.2814,104000000,1,16,1,runtime_s
1,openmp,108.0,3.4737,108000000,1,16,1,runtime_s
1,openmp,112.0,3.6470,112000000,1,16,1,runtime_s
1,openmp,116.0,3.8769,116000000,1,16,1,runtime_s
1,openmp,120.0,4.0053,120000000,1,16,1,runtime_s
1,openmp,124.0,4.1955,124000000,1,16,1,runtime_s
1,openmp,128.0,4.4051,128000000,1,16,1,runtime_s
1,openmp,132.0,4.6631,132000000,1,16,1,runtime_s
1,openmp,136.0,4.9435,136000000,1,16,1,runtime_s
1,openmp,140.0,4.9795,140000000,1,16,1,runtime_s
1,openmp,144.0,5.1812,144000000,1,16,1,runtime_s
1,openmp,148.0,5.3849,148000000,1,16,1,runtime_s
1,openmp,152.0,5.6165,152000000,1,16,1,runtime_s
1,openmp,156.0,5.7901,156000000,1,16,1,runtime_s
1,openmp,160.0,6.0009,160000000,1,16,1,runtime_s
1,mpi,44.0,0.9998,44000000,16,1,1,runtime_s
1,mpi,48.0,1.1640,48000000,16,1,1,runtime_s
1,mpi,52.0,1.2700,52000000,16,1,1,runtime_s
1,mpi,56.0,1.3972,56000000,16,1,1,runtime_s
1,mpi,60.0,1.5541,60000000,16,1,1,runtime_s
1,mpi,64.0,1.6763,64000000,16,1,1,runtime_s
1,mpi,68.0,1.8389,68000000,16,1,1,runtime_s
1,mpi,72.0,1.9695,72000000,16,1,1,runtime_s
1,mpi,76.0,2.1495,76000000,16,1,1,runtime_s
1,mpi,80.0,2.3442,80000000,16,1,1,runtime_s
1,mpi,84.0,2.5003,84000000,16,1,1,runtime_s
1,mpi,88.0,2.6214,88000000,16,1,1,runtime_s
1,mpi,92.0,2.7970,92000000,16,1,1,runtime_s
1,mpi,96.0,2.9624,96000000,16,1,1,runtime_s
1,mpi,100.0,3.1382,100000000,16,1,1,runtime_s
1,mpi,104.0,3.2971,104000000,16,1,1,runtime_s
1,mpi,108.0,3.5171,108000000,16,1,1,runtime_s
1,mpi,112.0,3.6963,112000000,16,1,1,runtime_s
1,mpi,116.0,3.8943,116000000,16,1,1,runtime_s
1,mpi,120.0,4.0591,120000000,16,1,1,runtime_s
1,mpi,124.0,4.2706,124000000,16,1,1,runtime_s
1,mpi,128.0,4.4251,128000000,16,1,1,runtime_s
1,mpi,132.0,4.6030,132000000,16,1,1,runtime_s
1,mpi,136.0,4.7889,136000000,16,1,1,runtime_s
1,mpi,140.0,4.9742,140000000,16,1,1,runtime_s
1,mpi,144.0,5.2571,144000000,16,1,1,runtime_s
1,mpi,148.0,5.4838,148000000,16,1,1,runtime_s
1,mpi,152.0,5.7480,152000000,16,1,1,runtime_s
1,mpi,156.0,5.8758,156000000,16,1,1,runtime_s
1,mpi,160.0,6.1455,160000000,16,1,1,runtime_s
2,openmp,44.0,13.3878,44000000,1,16,1,slowest repeat 12.544
2,openmp,48.0,13.6261,48000000,1,16,1,slowest repeat 13.191
2,openmp,52.0,13.9962,52000000,1,16,1,slowest repeat 13.474
2,openmp,56.0,14.4070,56000000,1,16,1,slowest repeat 13.637
2,openmp,60.0,13.9817,60000000,1,16,1,slowest repeat 13.520
2,openmp,64.0,14.3971,64000000,1,16,1,slowest repeat 14.162
2,openmp,68.0,14.0500,68000000,1,16,1,slowest repeat 9.965
2,openmp,72.0,14.5632,72000000,1,16,1,slowest repeat 13.978
2,openmp,76.0,14.6229,76000000,1,16,1,slowest repeat 13.935
2,openmp,80.0,14.7525,80000000,1,16,1,slowest repeat 14.314
2,openmp,84.0,14.6031,84000000,1,16,1,slowest repeat 14.252
2,openmp,88.0,14.4830,88000000,1,16,1,slowest repeat 14.086
2,openmp,92.0,14.6449,92000000,1,16,1,slowest repeat 14.348
2,openmp,96.0,14.8671,96000000,1,16,1,slowest repeat 14.577
2,openmp,100.0,14.9978,100000000,1,16,1,slowest repeat 14.341
2,openmp,104.0,14.8891,104000000,1,16,1,slowest repeat 14.523
2,openmp,108.0,14.8427,108000000,1,16,1,slowest repeat 14.676
2,openmp,112.0,14.9008,112000000,1,16,1,slowest repeat 14.704
2,openmp,116.0,14.7165,116000000,1,16,1,slowest repeat 14.238
2,openmp,120.0,14.9405,120000000,1,16,1,slowest repeat 14.743
2,openmp,124.0,15.1680,124000000,1,16,1,slowest repeat 14.752
2,openmp,128.0,14.9241,128000000,1,16,1,slowest repeat 12.449
2,openmp,132.0,14.6928,132000000,1,16,1,slowest repeat 7.748
2,openmp,136.0,14.4713,136000000,1,16,1,slowest repeat 8.774
2,openmp,140.0,14.9999,140000000,1,16,1,slowest repeat 13.631
2,openmp,144.0,15.0045,144000000,1,16,1,slowest repeat 14.112
2,openmp,148.0,15.0019,148000000,1,16,1,slowest repeat 14.672
2,openmp,152.0,14.9512,152000000,1,16,1,slowest repeat 14.604
2,openmp,156.0,15.0439,156000000,1,16,1,slowest repeat 14.789
2,openmp,160.0,15.0633,160000000,1,16,1,slowest repeat 14.797
2,mpi,44.0,14.2974,44000000,16,1,1,slowest repeat 13.848
2,mpi,48.0,13.9372,48000000,16,1,1,slowest repeat 13.764
2,mpi,52.0,14.3124,52000000,16,1,1,slowest repeat 14.062
2,mpi,56.0,14.4521,56000000,16,1,1,slowest repeat 14.168
2,mpi,60.0,14.3165,60000000,16,1,1,slowest repeat 14.112
2,mpi,64.0,14.5639,64000000,16,1,1,slowest repeat 7.878
2,mpi,68.0,14.4620,68000000,16,1,1,slowest repeat 8.916
2,mpi,72.0,14.6979,72000000,16,1,1,slowest repeat 7.556
2,mpi,76.0,14.5160,76000000,16,1,1,slowest repeat 14.040
2,mpi,80.0,14.3159,80000000,16,1,1,slowest repeat 14.161
2,mpi,84.0,14.3976,84000000,16,1,1,slowest repeat 14.105
2,mpi,88.0,14.6600,88000000,16,1,1,slowest repeat 13.729
2,mpi,92.0,14.6453,92000000,16,1,1,slowest repeat 14.567
2,mpi,96.0,14.6940,96000000,16,1,1,slowest repeat 14.512
2,mpi,100.0,14.7000,100000000,16,1,1,slowest repeat 14.066
2,mpi,104.0,14.8183,104000000,16,1,1,slowest repeat 14.520
2,mpi,108.0,14.6594,108000000,16,1,1,slowest repeat 14.538
2,mpi,112.0,14.7019,112000000,16,1,1,slowest repeat 14.486
2,mpi,116.0,14.6507,116000000,16,1,1,slowest repeat 14.323
2,mpi,120.0,14.7421,120000000,16,1,1,slowest repeat 13.968
2,mpi,124.0,14.9014,124000000,16,1,1,slowest repeat 8.881
2,mpi,128.0,14.8565,128000000,16,1,1,slowest repeat 14.388
2,mpi,132.0,14.8846,132000000,16,1,1,slowest repeat 11.963
2,mpi,136.0,14.9385,136000000,16,1,1,slowest repeat 9.148
2,mpi,140.0,15.0158,140000000,16,1,1,slowest repeat 14.669
2,mpi,144.0,14.7878,144000000,16,1,1,slowest repeat 14.206
2,mpi,148.0,14.7315,148000000,16,1,1,slowest repeat 14.687
2,mpi,152.0,14.6092,152000000,16,1,1,slowest repeat 10.850
2,mpi,156.0,14.8243,156000000,16,1,1,slowest repeat 7.701
2,mpi,160.0,14.7089,160000000,16,1,1,slowest repeat 12.754
2,hybrid,44.0,13.5917,44000000,4,4,1,slowest repeat 12.706
2,hybrid,48.0,13.9371,48000000,4,4,1,slowest repeat 13.236
2,hybrid,52.0,13.9589,52000000,4,4,1,slowest repeat 13.252
2,hybrid,56.0,14.3267,56000000,4,4,1,slowest repeat 13.786
2,hybrid,60.0,13.7969,60000000,4,4,1,slowest repeat 13.713
2,hybrid,64.0,14.2271,64000000,4,4,1,slowest repeat 13.963
2,hybrid,68.0,14.2914,68000000,4,4,1,slowest repeat 10.739
2,hybrid,72.0,14.4213,72000000,4,4,1,slowest repeat 14.321
2,hybrid,76.0,14.6575,76000000,4,4,1,slowest repeat 14.270
2,hybrid,80.0,14.5270,80000000,4,4,1,slowest repeat 14.218
2,hybrid,84.0,14.5268,84000000,4,4,1,slowest repeat 14.452
2,hybrid,88.0,14.6150,88000000,4,4,1,slowest repeat 14.471
2,hybrid,92.0,14.4620,92000000,4,4,1,slowest repeat 14.340
2,hybrid,96.0,14.9363,96000000,4,4,1,slowest repeat 14.794
2,hybrid,100.0,14.8229,100000000,4,4,1,slowest repeat 7.767
2,hybrid,104.0,14.6814,104000000,4,4,1,slowest repeat 14.447
2,hybrid,108.0,14.8648,108000000,4,4,1,slowest repeat 14.648
2,hybrid,112.0,14.8290,112000000,4,4,1,slowest repeat 14.627
2,hybrid,116.0,14.8554,116000000,4,4,1,slowest repeat 14.433
2,hybrid,120.0,14.9179,120000000,4,4,1,slowest repeat 14.776
2,hybrid,124.0,15.1622,124000000,4,4,1,slowest repeat 14.881
2,hybrid,128.0,14.8330,128000000,4,4,1,slowest repeat 10.976
2,hybrid,132.0,14.8042,132000000,4,4,1,slowest repeat 7.624
2,hybrid,136.0,14.7238,136000000,4,4,1,slowest repeat 8.728
2,hybrid,140.0,14.9913,140000000,4,4,1,slowest repeat 14.377
2,hybrid,144.0,14.9456,144000000,4,4,1,slowest repeat 14.911
2,hybrid,148.0,14.9782,148000000,4,4,1,slowest repeat 14.917
2,hybrid,152.0,14.9810,152000000,4,4,1,slowest repeat 14.845
2,hybrid,156.0,15.0104,156000000,4,4,1,slowest repeat 14.930
2,hybrid,160.0,14.9652,160000000,4,4,1,slowest repeat 14.810
3,pthreads,1,0.9970,100000000,1,1,1,speedup
3,pthreads,2,1.9747,100000000,1,2,1,speedup
3,pthreads,4,3.8762,100000000,1,4,1,speedup
3,pthreads,8,7.6298,100000000,1,8,1,speedup
3,pthreads,16,14.7812,100000000,1,16,1,speedup
3,openmp,1,0.9982,100000000,1,1,1,speedup
3,openmp,2,1.9836,100000000,1,2,1,speedup
3,openmp,4,3.9377,100000000,1,4,1,speedup
3,openmp,8,7.7574,100000000,1,8,1,speedup
3,openmp,16,14.9978,100000000,1,16,1,speedup
3,mpi,1,1.0005,100000000,1,1,1,speedup
3,mpi,2,1.9844,100000000,2,1,1,speedup
3,mpi,4,3.9239,100000000,4,1,1,speedup
3,mpi,8,7.6412,100000000,8,1,1,speedup
3,mpi,16,14.7000,100000000,16,1,1,speedup
3,mpi-2node,32,27.0936,100000000,32,1,2,speedup
4,hybrid-P1,1,1.0005,100000000,1,1,1,mpi (t=1)
4,hybrid-P1,2,1.9810,100000000,1,2,1,speedup
4,hybrid-P1,4,3.9215,100000000,1,4,1,speedup
4,hybrid-P1,8,7.6373,100000000,1,8,1,speedup
4,hybrid-P1,16,15.0241,100000000,1,16,1,speedup
4,hybrid-P2,1,1.9844,100000000,2,1,1,mpi (t=1)
4,hybrid-P2,2,3.9343,100000000,2,2,1,speedup
4,hybrid-P2,4,7.6744,100000000,2,4,1,speedup
4,hybrid-P2,8,13.3184,100000000,2,8,1,speedup
4,hybrid-P4,1,3.9239,100000000,4,1,1,mpi (t=1)
4,hybrid-P4,2,7.7218,100000000,4,2,1,speedup
4,hybrid-P4,4,14.8229,100000000,4,4,1,speedup
4,hybrid-P8,1,7.6412,100000000,8,1,1,mpi (t=1)
4,hybrid-P8,2,14.8331,100000000,8,2,1,speedup
5,pthreads,2,1.9747,100000000,1,2,1,speedup
5,pthreads,4,3.8762,100000000,1,4,1,speedup
5,pthreads,8,7.6298,100000000,1,8,1,speedup
5,pthreads,16,14.7812,100000000,1,16,1,speedup
5,openmp,2,1.9836,100000000,1,2,1,speedup
5,openmp,4,3.9377,100000000,1,4,1,speedup
5,openmp,8,7.7574,100000000,1,8,1,speedup
5,openmp,16,14.9978,100000000,1,16,1,speedup
5,hybrid,2,1.9810,100000000,1,2,1,speedup
5,hybrid,4,3.9343,100000000,2,2,1,speedup
5,hybrid,8,7.7218,100000000,4,2,1,speedup
5,hybrid,16,14.8331,100000000,8,2,1,speedup
5,hybrid-2node,32,25.9410,100000000,16,2,2,speedup
6,mpi-empirical,1,1.0005,100000000,1,1,1,slowest repeat 1.000
6,mpi-amdahl,1,1.0000,100000000,1,1,1,r_s=0.00520
6,mpi-amdahl+comm,1,0.9999,100000000,1,1,1,k=0.00007
6,mpi-empirical,2,1.9844,100000000,2,1,1,slowest repeat 1.979
6,mpi-amdahl,2,1.9897,100000000,2,1,1,r_s=0.00520
6,mpi-amdahl+comm,2,1.9892,100000000,2,1,1,k=0.00011
6,mpi-empirical,4,3.9239,100000000,4,1,1,slowest repeat 3.912
6,mpi-amdahl,4,3.9386,100000000,4,1,1,r_s=0.00520
6,mpi-amdahl+comm,4,3.9365,100000000,4,1,1,k=0.00014
6,mpi-empirical,8,7.6412,100000000,8,1,1,slowest repeat 7.557
6,mpi-amdahl,8,7.7191,100000000,8,1,1,r_s=0.00520
6,mpi-amdahl+comm,8,7.6982,100000000,8,1,1,k=0.00035
6,mpi-empirical,16,14.7000,100000000,16,1,1,slowest repeat 14.066
6,mpi-amdahl,16,14.8426,100000000,16,1,1,r_s=0.00520
6,mpi-amdahl+comm,16,14.8112,100000000,16,1,1,k=0.00014
6,mpi-empirical,32,27.0936,100000000,32,1,2,slowest repeat 18.370
6,mpi-amdahl,32,27.5589,100000000,32,1,2,r_s=0.00520
6,mpi-amdahl+comm,32,26.9230,100000000,32,1,2,k=0.00086
7,hybrid-procs-empirical,2,1.9810,100000000,1,2,1,slowest repeat 1.960
7,hybrid-procs-amdahl,2,1.9897,100000000,1,2,1,r_s=0.00520
7,hybrid-procs-amdahl+comm,2,1.9894,100000000,1,2,1,k=0.00008
7,hybrid-procs-empirical,4,3.9343,100000000,2,2,1,slowest repeat 3.898
7,hybrid-procs-amdahl,4,3.9386,100000000,2,2,1,r_s=0.00520
7,hybrid-procs-amdahl+comm,4,3.9372,100000000,2,2,1,k=0.00009
7,hybrid-procs-empirical,8,7.7218,100000000,4,2,1,slowest repeat 7.596
7,hybrid-procs-amdahl,8,7.7191,100000000,4,2,1,r_s=0.00520
7,hybrid-procs-amdahl+comm,8,7.7133,100000000,4,2,1,k=0.00010
7,hybrid-procs-empirical,16,14.8331,100000000,8,2,1,slowest repeat 10.292
7,hybrid-procs-amdahl,16,14.8426,100000000,8,2,1,r_s=0.00520
7,hybrid-procs-amdahl+comm,16,14.8184,100000000,8,2,1,k=0.00011
7,hybrid-procs-empirical,32,25.9410,100000000,16,2,2,slowest repeat 24.427
7,hybrid-procs-amdahl,32,27.5589,100000000,16,2,2,r_s=0.00520
7,hybrid-procs-amdahl+comm,32,26.8087,100000000,16,2,2,k=0.00102
7,hybrid-threads-empirical,2,1.9810,100000000,1,2,1,slowest repeat 1.960
7,hybrid-threads-amdahl,2,1.9897,100000000,1,2,1,r_s=0.00520
7,hybrid-threads-amdahl+comm,2,1.9894,100000000,1,2,1,k=0.00008
7,hybrid-threads-empirical,4,3.9215,100000000,1,4,1,slowest repeat 3.902
7,hybrid-threads-amdahl,4,3.9386,100000000,1,4,1,r_s=0.00520
7,hybrid-threads-amdahl+comm,4,3.9368,100000000,1,4,1,k=0.00012
7,hybrid-threads-empirical,8,7.6373,100000000,1,8,1,slowest repeat 6.966
7,hybrid-threads-amdahl,8,7.7191,100000000,1,8,1,r_s=0.00520
7,hybrid-threads-amdahl+comm,8,7.7147,100000000,1,8,1,k=0.00007
7,hybrid-threads-empirical,16,15.0241,100000000,1,16,1,slowest repeat 14.823
7,hybrid-threads-amdahl,16,14.8426,100000000,1,16,1,r_s=0.00520
7,hybrid-threads-amdahl+comm,16,14.8246,100000000,1,16,1,k=0.00008
S1,cyclic-speedup,2,1.9844,100000000,2,1,1,speedup
S1,cyclic-imbalance,2,0.0400,100000000,2,1,1,imbalance_pct
S1,cyclic-speedup,4,3.9239,100000000,4,1,1,speedup
S1,cyclic-imbalance,4,0.0700,100000000,4,1,1,imbalance_pct
S1,cyclic-speedup,8,7.6412,100000000,8,1,1,speedup
S1,cyclic-imbalance,8,0.1200,100000000,8,1,1,imbalance_pct
S1,cyclic-speedup,16,14.7000,100000000,16,1,1,speedup
S1,cyclic-imbalance,16,0.2900,100000000,16,1,1,imbalance_pct
S1,cyclic-speedup,32,27.0936,100000000,32,1,2,speedup
S1,cyclic-imbalance,32,0.5200,100000000,32,1,2,imbalance_pct
S1,weighted-speedup,2,1.9220,100000000,2,1,1,speedup
S1,weighted-imbalance,2,6.3200,100000000,2,1,1,imbalance_pct
S1,weighted-speedup,4,3.6818,100000000,4,1,1,speedup
S1,weighted-imbalance,4,10.2200,100000000,4,1,1,imbalance_pct
S1,weighted-speedup,8,6.9845,100000000,8,1,1,speedup
S1,weighted-imbalance,8,13.3100,100000000,8,1,1,imbalance_pct
S1,weighted-speedup,16,13.1539,100000000,16,1,1,speedup
S1,weighted-imbalance,16,16.8400,100000000,16,1,1,imbalance_pct
S1,weighted-speedup,32,23.4214,100000000,32,1,2,speedup
S1,weighted-imbalance,32,20.4100,100000000,32,1,2,imbalance_pct
S1,block-speedup,2,1.5844,100000000,2,1,1,speedup
S1,block-imbalance,2,40.9300,100000000,2,1,1,imbalance_pct
S1,block-speedup,4,2.9173,100000000,4,1,1,speedup
S1,block-imbalance,4,58.9300,100000000,4,1,1,imbalance_pct
S1,block-speedup,8,5.5633,100000000,8,1,1,speedup
S1,block-imbalance,8,70.2600,100000000,8,1,1,imbalance_pct
S1,block-speedup,16,10.7733,100000000,16,1,1,speedup
S1,block-imbalance,16,77.8100,100000000,16,1,1,imbalance_pct
S1,block-speedup,32,19.9891,100000000,32,1,2,speedup
S1,block-imbalance,32,83.5000,100000000,32,1,2,imbalance_pct
S2,mpi-empirical,44.0,14.2974,44000000,16,1,1,speedup
S2,mpi-amdahl,44.0,14.1238,44000000,16,1,1,r_s=0.00886
S2,mpi-amdahl+comm,44.0,14.0183,44000000,16,1,1,k=0.00053
S2,mpi-empirical,48.0,13.9372,48000000,16,1,1,speedup
S2,mpi-amdahl,48.0,13.9586,48000000,16,1,1,r_s=0.00975
S2,mpi-amdahl+comm,48.0,13.8695,48000000,16,1,1,k=0.00046
S2,mpi-empirical,52.0,14.3124,52000000,16,1,1,speedup
S2,mpi-amdahl,52.0,14.1964,52000000,16,1,1,r_s=0.00847
S2,mpi-amdahl+comm,52.0,14.1344,52000000,16,1,1,k=0.00031
S2,mpi-empirical,56.0,14.4521,56000000,16,1,1,speedup
S2,mpi-amdahl,56.0,14.4508,56000000,16,1,1,r_s=0.00715
S2,mpi-amdahl+comm,56.0,14.3786,56000000,16,1,1,k=0.00035
S2,mpi-empirical,60.0,14.3165,60000000,16,1,1,speedup
S2,mpi-amdahl,60.0,14.2142,60000000,16,1,1,r_s=0.00838
S2,mpi-amdahl+comm,60.0,14.0792,60000000,16,1,1,k=0.00067
S2,mpi-empirical,64.0,14.5639,64000000,16,1,1,speedup
S2,mpi-amdahl,64.0,14.5085,64000000,16,1,1,r_s=0.00685
S2,mpi-amdahl+comm,64.0,14.4465,64000000,16,1,1,k=0.00030
S2,mpi-empirical,68.0,14.4620,68000000,16,1,1,speedup
S2,mpi-amdahl,68.0,14.3619,68000000,16,1,1,r_s=0.00760
S2,mpi-amdahl+comm,68.0,14.2800,68000000,16,1,1,k=0.00040
S2,mpi-empirical,72.0,14.6979,72000000,16,1,1,speedup
S2,mpi-amdahl,72.0,14.4769,72000000,16,1,1,r_s=0.00701
S2,mpi-amdahl+comm,72.0,14.4350,72000000,16,1,1,k=0.00020
S2,mpi-empirical,76.0,14.5160,76000000,16,1,1,speedup
S2,mpi-amdahl,76.0,14.6354,76000000,16,1,1,r_s=0.00622
S2,mpi-amdahl+comm,76.0,14.5680,76000000,16,1,1,k=0.00032
S2,mpi-empirical,80.0,14.3159,80000000,16,1,1,speedup
S2,mpi-amdahl,80.0,14.4757,80000000,16,1,1,r_s=0.00702
S2,mpi-amdahl+comm,80.0,14.4411,80000000,16,1,1,k=0.00017
S2,mpi-empirical,84.0,14.3976,84000000,16,1,1,speedup
S2,mpi-amdahl,84.0,14.5318,84000000,16,1,1,r_s=0.00674
S2,mpi-amdahl+comm,84.0,14.4953,84000000,16,1,1,k=0.00017
S2,mpi-empirical,88.0,14.6600,88000000,16,1,1,speedup
S2,mpi-amdahl,88.0,14.6962,88000000,16,1,1,r_s=0.00591
S2,mpi-amdahl+comm,88.0,14.6591,88000000,16,1,1,k=0.00017
S2,mpi-empirical,92.0,14.6453,92000000,16,1,1,speedup
S2,mpi-amdahl,92.0,14.6570,92000000,16,1,1,r_s=0.00611
S2,mpi-amdahl+comm,92.0,14.6132,92000000,16,1,1,k=0.00020
S2,mpi-empirical,96.0,14.6940,96000000,16,1,1,speedup
S2,mpi-amdahl,96.0,14.8140,96000000,16,1,1,r_s=0.00534
S2,mpi-amdahl+comm,96.0,14.7662,96000000,16,1,1,k=0.00022
S2,mpi-empirical,100.0,14.7000,100000000,16,1,1,speedup
S2,mpi-amdahl,100.0,14.8426,100000000,16,1,1,r_s=0.00520
S2,mpi-amdahl+comm,100.0,14.8112,100000000,16,1,1,k=0.00014
S2,mpi-empirical,104.0,14.8183,104000000,16,1,1,speedup
S2,mpi-amdahl,104.0,14.6654,104000000,16,1,1,r_s=0.00607
S2,mpi-amdahl+comm,104.0,14.6241,104000000,16,1,1,k=0.00019
S2,mpi-empirical,108.0,14.6594,108000000,16,1,1,speedup
S2,mpi-amdahl,108.0,14.7426,108000000,16,1,1,r_s=0.00569
S2,mpi-amdahl+comm,108.0,14.7106,108000000,16,1,1,k=0.00015
S2,mpi-empirical,112.0,14.7019,112000000,16,1,1,speedup
S2,mpi-amdahl,112.0,14.7880,112000000,16,1,1,r_s=0.00546
S2,mpi-amdahl+comm,112.0,14.7568,112000000,16,1,1,k=0.00014
S2,mpi-empirical,116.0,14.6507,116000000,16,1,1,speedup
S2,mpi-amdahl,116.0,14.7210,116000000,16,1,1,r_s=0.00579
S2,mpi-amdahl+comm,116.0,14.6920,116000000,16,1,1,k=0.00013
S2,mpi-empirical,120.0,14.7421,120000000,16,1,1,speedup
S2,mpi-amdahl,120.0,14.8703,120000000,16,1,1,r_s=0.00506
S2,mpi-amdahl+comm,120.0,14.7771,120000000,16,1,1,k=0.00042
S2,mpi-empirical,124.0,14.9014,124000000,16,1,1,speedup
S2,mpi-amdahl,124.0,14.7876,124000000,16,1,1,r_s=0.00547
S2,mpi-amdahl+comm,124.0,14.7576,124000000,16,1,1,k=0.00014
S2,mpi-empirical,128.0,14.8565,128000000,16,1,1,speedup
S2,mpi-amdahl,128.0,14.7892,128000000,16,1,1,r_s=0.00546
S2,mpi-amdahl+comm,128.0,14.7619,128000000,16,1,1,k=0.00013
S2,mpi-empirical,132.0,14.8846,132000000,16,1,1,speedup
S2,mpi-amdahl,132.0,14.8759,132000000,16,1,1,r_s=0.00504
S2,mpi-amdahl+comm,132.0,14.8455,132000000,16,1,1,k=0.00014
S2,mpi-empirical,136.0,14.9385,136000000,16,1,1,speedup
S2,mpi-amdahl,136.0,14.9715,136000000,16,1,1,r_s=0.00458
S2,mpi-amdahl+comm,136.0,14.9325,136000000,16,1,1,k=0.00017
S2,mpi-empirical,140.0,15.0158,140000000,16,1,1,speedup
S2,mpi-amdahl,140.0,15.0498,140000000,16,1,1,r_s=0.00421
S2,mpi-amdahl+comm,140.0,15.0048,140000000,16,1,1,k=0.00020
S2,mpi-empirical,144.0,14.7878,144000000,16,1,1,speedup
S2,mpi-amdahl,144.0,14.9453,144000000,16,1,1,r_s=0.00470
S2,mpi-amdahl+comm,144.0,14.9153,144000000,16,1,1,k=0.00013
S2,mpi-empirical,148.0,14.7315,148000000,16,1,1,speedup
S2,mpi-amdahl,148.0,14.9836,148000000,16,1,1,r_s=0.00452
S2,mpi-amdahl+comm,148.0,14.9568,148000000,16,1,1,k=0.00012
S2,mpi-empirical,152.0,14.6092,152000000,16,1,1,speedup
S2,mpi-amdahl,152.0,14.9436,152000000,16,1,1,r_s=0.00471
S2,mpi-amdahl+comm,152.0,14.9161,152000000,16,1,1,k=0.00012
S2,mpi-empirical,156.0,14.8243,156000000,16,1,1,speedup
S2,mpi-amdahl,156.0,15.0289,156000000,16,1,1,r_s=0.00431
S2,mpi-amdahl+comm,156.0,15.0049,156000000,16,1,1,k=0.00011
S2,mpi-empirical,160.0,14.7089,160000000,16,1,1,speedup
S2,mpi-amdahl,160.0,14.8886,160000000,16,1,1,r_s=0.00498
S2,mpi-amdahl+comm,160.0,14.8614,160000000,16,1,1,k=0.00012
S2,hybrid-empirical,44.0,13.5917,44000000,4,4,1,speedup
S2,hybrid-amdahl,44.0,14.1238,44000000,4,4,1,r_s=0.00886
S2,hybrid-amdahl+comm,44.0,14.0808,44000000,4,4,1,k=0.00022
S2,hybrid-empirical,48.0,13.9371,48000000,4,4,1,speedup
S2,hybrid-amdahl,48.0,13.9586,48000000,4,4,1,r_s=0.00975
S2,hybrid-amdahl+comm,48.0,13.9195,48000000,4,4,1,k=0.00020
S2,hybrid-empirical,52.0,13.9589,52000000,4,4,1,speedup
S2,hybrid-amdahl,52.0,14.1964,52000000,4,4,1,r_s=0.00847
S2,hybrid-amdahl+comm,52.0,14.1563,52000000,4,4,1,k=0.00020
S2,hybrid-empirical,56.0,14.3267,56000000,4,4,1,speedup
S2,hybrid-amdahl,56.0,14.4508,56000000,4,4,1,r_s=0.00715
S2,hybrid-amdahl+comm,56.0,14.3934,56000000,4,4,1,k=0.00028
S2,hybrid-empirical,60.0,13.7969,60000000,4,4,1,speedup
S2,hybrid-amdahl,60.0,14.2142,60000000,4,4,1,r_s=0.00838
S2,hybrid-amdahl+comm,60.0,14.1811,60000000,4,4,1,k=0.00016
S2,hybrid-empirical,64.0,14.2271,64000000,4,4,1,speedup
S2,hybrid-amdahl,64.0,14.5085,64000000,4,4,1,r_s=0.00685
S2,hybrid-amdahl+comm,64.0,14.4797,64000000,4,4,1,k=0.00014
S2,hybrid-empirical,68.0,14.2914,68000000,4,4,1,speedup
S2,hybrid-amdahl,68.0,14.3619,68000000,4,4,1,r_s=0.00760
S2,hybrid-amdahl+comm,68.0,14.3322,68000000,4,4,1,k=0.00014
S2,hybrid-empirical,72.0,14.4213,72000000,4,4,1,speedup
S2,hybrid-amdahl,72.0,14.4769,72000000,4,4,1,r_s=0.00701
S2,hybrid-amdahl+comm,72.0,14.4474,72000000,4,4,1,k=0.00014
S2,hybrid-empirical,76.0,14.6575,76000000,4,4,1,speedup
S2,hybrid-amdahl,76.0,14.6354,76000000,4,4,1,r_s=0.00622
S2,hybrid-amdahl+comm,76.0,14.6112,76000000,4,4,1,k=0.00011
S2,hybrid-empirical,80.0,14.5270,80000000,4,4,1,speedup
S2,hybrid-amdahl,80.0,14.4757,80000000,4,4,1,r_s=0.00702
S2,hybrid-amdahl+comm,80.0,14.4450,80000000,4,4,1,k=0.00015
S2,hybrid-empirical,84.0,14.5268,84000000,4,4,1,speedup
S2,hybrid-amdahl,84.0,14.5318,84000000,4,4,1,r_s=0.00674
S2,hybrid-amdahl+comm,84.0,14.5072,84000000,4,4,1,k=0.00012
S2,hybrid-empirical,88.0,14.6150,88000000,4,4,1,speedup
S2,hybrid-amdahl,88.0,14.6962,88000000,4,4,1,r_s=0.00591
S2,hybrid-amdahl+comm,88.0,14.6717,88000000,4,4,1,k=0.00011
S2,hybrid-empirical,92.0,14.4620,92000000,4,4,1,speedup
S2,hybrid-amdahl,92.0,14.6570,92000000,4,4,1,r_s=0.00611
S2,hybrid-amdahl+comm,92.0,14.6177,92000000,4,4,1,k=0.00018
S2,hybrid-empirical,96.0,14.9363,96000000,4,4,1,speedup
S2,hybrid-amdahl,96.0,14.8140,96000000,4,4,1,r_s=0.00534
S2,hybrid-amdahl+comm,96.0,14.7905,96000000,4,4,1,k=0.00011
S2,hybrid-empirical,100.0,14.8229,100000000,4,4,1,speedup
S2,hybrid-amdahl,100.0,14.8426,100000000,4,4,1,r_s=0.00520
S2,hybrid-amdahl+comm,100.0,14.8162,100000000,4,4,1,k=0.00012
S2,hybrid-empirical,104.0,14.6814,104000000,4,4,1,speedup
S2,hybrid-amdahl,104.0,14.6654,104000000,4,4,1,r_s=0.00607
S2,hybrid-amdahl+comm,104.0,14.6362,104000000,4,4,1,k=0.00014
S2,hybrid-empirical,108.0,14.8648,108000000,4,4,1,speedup
S2,hybrid-amdahl,108.0,14.7426,108000000,4,4,1,r_s=0.00569
S2,hybrid-amdahl+comm,108.0,14.7237,108000000,4,4,1,k=0.00009
S2,hybrid-empirical,112.0,14.8290,112000000,4,4,1,speedup
S2,hybrid-amdahl,112.0,14.7880,112000000,4,4,1,r_s=0.00546
S2,hybrid-amdahl+comm,112.0,14.7624,112000000,4,4,1,k=0.00012
S2,hybrid-empirical,116.0,14.8554,116000000,4,4,1,speedup
S2,hybrid-amdahl,116.0,14.7210,116000000,4,4,1,r_s=0.00579
S2,hybrid-amdahl+comm,116.0,14.7015,116000000,4,4,1,k=0.00009
S2,hybrid-empirical,120.0,14.9179,120000000,4,4,1,speedup
S2,hybrid-amdahl,120.0,14.8703,120000000,4,4,1,r_s=0.00506
S2,hybrid-amdahl+comm,120.0,14.8508,120000000,4,4,1,k=0.00009
S2,hybrid-empirical,124.0,15.1622,124000000,4,4,1,speedup
S2,hybrid-amdahl,124.0,14.7876,124000000,4,4,1,r_s=0.00547
S2,hybrid-amdahl+comm,124.0,14.7691,124000000,4,4,1,k=0.00008
S2,hybrid-empirical,128.0,14.8330,128000000,4,4,1,speedup
S2,hybrid-amdahl,128.0,14.7892,128000000,4,4,1,r_s=0.00546
S2,hybrid-amdahl+comm,128.0,14.7668,128000000,4,4,1,k=0.00010
S2,hybrid-empirical,132.0,14.8042,132000000,4,4,1,speedup
S2,hybrid-amdahl,132.0,14.8759,132000000,4,4,1,r_s=0.00504
S2,hybrid-amdahl+comm,132.0,14.8577,132000000,4,4,1,k=0.00008
S2,hybrid-empirical,136.0,14.7238,136000000,4,4,1,speedup
S2,hybrid-amdahl,136.0,14.9715,136000000,4,4,1,r_s=0.00458
S2,hybrid-amdahl+comm,136.0,14.9478,136000000,4,4,1,k=0.00011
S2,hybrid-empirical,140.0,14.9913,140000000,4,4,1,speedup
S2,hybrid-amdahl,140.0,15.0498,140000000,4,4,1,r_s=0.00421
S2,hybrid-amdahl+comm,140.0,15.0324,140000000,4,4,1,k=0.00008
S2,hybrid-empirical,144.0,14.9456,144000000,4,4,1,speedup
S2,hybrid-amdahl,144.0,14.9453,144000000,4,4,1,r_s=0.00470
S2,hybrid-amdahl+comm,144.0,14.9281,144000000,4,4,1,k=0.00008
S2,hybrid-empirical,148.0,14.9782,148000000,4,4,1,speedup
S2,hybrid-amdahl,148.0,14.9836,148000000,4,4,1,r_s=0.00452
S2,hybrid-amdahl+comm,148.0,14.9675,148000000,4,4,1,k=0.00007
S2,hybrid-empirical,152.0,14.9810,152000000,4,4,1,speedup
S2,hybrid-amdahl,152.0,14.9436,152000000,4,4,1,r_s=0.00471
S2,hybrid-amdahl+comm,152.0,14.9244,152000000,4,4,1,k=0.00009
S2,hybrid-empirical,156.0,15.0104,156000000,4,4,1,speedup
S2,hybrid-amdahl,156.0,15.0289,156000000,4,4,1,r_s=0.00431
S2,hybrid-amdahl+comm,156.0,15.0135,156000000,4,4,1,k=0.00007
S2,hybrid-empirical,160.0,14.9652,160000000,4,4,1,speedup
S2,hybrid-amdahl,160.0,14.8886,160000000,4,4,1,r_s=0.00498
S2,hybrid-amdahl+comm,160.0,14.8728,160000000,4,4,1,k=0.00007
S3,pthreads-1x16,16,14.7812,100000000,1,16,1,speedup
S3,pthreads-1x32,32,14.2989,100000000,1,32,1,speedup
S3,openmp-1x16,16,14.9978,100000000,1,16,1,speedup
S3,openmp-1x32,32,14.8358,100000000,1,32,1,speedup
S3,mpi-16x1,16,14.7027,100000000,16,1,1,speedup
S3,mpi-32x1,32,13.8604,100000000,32,1,1,speedup
S3,hybrid-4x4,16,14.7859,100000000,4,4,1,speedup
S3,hybrid-4x8,32,14.6537,100000000,4,8,1,speedup
S3,hybrid-8x2,16,14.6966,100000000,8,2,1,speedup
S3,hybrid-16x2,32,14.6179,100000000,16,2,1,speedup
